"x1","x2","x3","x4","x5","x6","sid"
4,4,3,4,4,3,55
6,6,4,6,4,4,55
5,5,2,6,4,4,55
4,4,5,5,3,3,55
4,4,4,4,3,2,55
4,4,2,4,2,2,55
5,4,3,5,3,3,41
3,2,2,3,3,2,41
4,4,2,4,1,1,41
4,4,2,5,2,2,41
4,4,2,4,4,3,41
5,5,5,5,6,5,219
5,5,3,4,5,4,219
5,5,4,5,5,5,219
4,3,2,3,4,4,219
5,5,3,5,6,4,219
5,6,5,6,5,5,219
6,6,5,6,5,4,219
4,4,5,3,5,4,219
5,5,5,5,5,4,219
6,6,5,6,5,6,219
5,5,3,3,4,2,219
5,5,5,6,5,4,219
5,5,3,5,6,4,219
5,5,4,6,5,5,219
5,5,4,3,5,4,219
5,5,4,3,4,4,219
5,5,3,5,4,3,219
5,5,5,5,6,5,219
6,5,4,3,5,4,219
5,4,4,3,4,4,97
5,4,5,5,4,4,97
2,2,3,3,5,4,97
5,5,4,4,5,5,97
5,4,4,5,5,4,97
5,4,2,4,2,2,97
4,4,4,3,4,4,97
5,4,1,4,1,1,97
6,6,5,6,6,6,97
5,4,3,4,4,4,56
6,6,4,5,5,5,56
6,6,5,5,5,5,56
5,5,5,5,5,5,56
6,6,5,5,5,5,56
5,5,5,3,4,4,56
5,5,4,5,4,5,117
3,2,3,3,3,3,117
6,6,3,5,5,5,117
3,1,4,3,5,2,117
5,5,4,5,3,3,117
5,4,4,5,5,4,117
4,4,4,4,3,3,117
3,2,3,3,3,4,117
5,5,3,5,3,3,117
5,5,4,5,4,4,117
5,5,4,3,4,4,159
5,5,4,5,5,4,159
5,4,2,3,2,2,159
5,5,4,5,4,4,159
4,4,3,4,3,2,159
3,3,3,3,4,3,159
4,5,3,4,2,2,159
6,5,5,4,5,5,159
3,3,2,2,2,2,159
5,5,4,4,4,4,159
5,6,4,5,4,5,159
5,5,1,3,5,5,159
4,6,4,5,4,4,201
3,3,3,4,4,2,201
5,3,2,4,3,3,201
5,4,3,5,4,5,201
4,4,5,6,6,5,201
4,3,2,4,3,1,201
6,6,1,2,2,2,201
3,3,3,4,3,3,201
5,4,4,5,4,4,201
6,5,5,5,5,5,201
5,5,3,4,6,6,201
4,3,2,5,3,2,201
4,4,1,4,3,3,201
4,4,3,3,4,4,201
5,5,2,5,3,3,201
5,5,3,5,4,4,201
5,5,2,5,5,4,201
5,5,5,5,5,5,226
4,4,4,5,4,4,226
4,4,3,3,4,4,226
5,5,6,4,5,5,226
5,5,5,5,5,5,226
5,5,5,5,5,5,226
5,4,3,3,4,3,226
5,4,4,5,4,4,226
5,4,4,4,4,4,226
5,5,4,5,4,4,226
6,5,5,5,5,5,226
6,5,5,5,5,5,226
6,5,5,5,5,5,226
4,3,3,5,2,4,226
5,5,5,5,5,5,226
3,4,2,4,2,3,226
5,5,5,3,6,5,226
5,5,4,4,5,5,226
6,4,4,2,2,2,226
5,5,4,4,2,2,226
3,3,3,3,2,2,160
3,3,2,5,3,3,160
3,2,2,3,3,3,160
5,4,4,5,5,5,160
4,3,1,3,1,1,160
2,2,2,1,2,1,160
5,5,3,4,5,5,160
5,5,5,5,6,6,160
2,2,2,2,2,2,160
4,4,2,3,4,3,160
4,4,3,4,3,3,160
5,3,3,2,2,4,160
5,5,4,5,4,4,98
5,6,4,5,6,5,98
6,6,6,5,6,6,98
6,6,5,6,5,5,98
5,5,3,5,5,5,98
6,6,5,3,6,6,98
5,5,5,4,6,5,98
5,5,4,4,4,4,98
5,5,4,4,5,4,98
6,6,5,5,5,5,57
5,5,4,5,5,4,57
5,6,5,5,6,6,57
6,6,4,5,6,5,57
5,5,5,5,5,5,57
6,5,4,4,5,5,57
3,2,4,3,3,3,75
4,4,4,3,3,3,75
6,6,3,6,6,6,75
5,5,4,5,5,4,75
6,5,4,5,3,3,75
5,5,4,5,4,4,75
3,3,3,3,3,3,75
4,4,3,4,3,3,42
4,4,4,3,4,4,42
5,3,1,4,2,2,42
5,5,4,4,4,4,42
5,4,4,4,4,4,42
4,4,3,3,3,3,141
6,6,3,6,5,3,141
3,3,3,4,4,4,141
5,5,1,5,4,2,141
5,4,2,4,5,3,141
4,4,3,4,4,4,141
5,5,4,5,5,4,141
3,4,4,5,4,4,141
4,4,4,4,2,2,141
5,5,4,4,5,5,141
5,5,4,3,5,4,141
4,4,3,4,2,2,161
2,2,1,2,3,2,161
4,4,2,3,3,3,161
4,4,2,4,4,3,161
4,4,4,4,4,4,161
3,2,1,3,2,1,161
5,5,2,5,4,5,161
5,4,4,4,4,4,161
2,2,2,2,4,3,161
5,4,4,6,4,4,161
5,4,5,4,5,5,161
6,5,5,3,5,5,161
4,4,3,4,3,3,268
5,4,4,5,5,5,268
4,4,4,5,4,4,268
5,5,4,3,4,4,268
4,4,2,2,4,2,268
4,4,2,4,2,2,268
5,5,3,5,4,3,268
4,4,3,5,3,4,268
5,4,3,3,3,3,268
4,4,2,3,5,5,268
4,4,3,5,5,4,268
5,4,3,5,4,4,268
5,5,3,3,4,4,268
5,4,3,4,5,4,268
5,5,4,5,6,6,268
2,2,1,2,1,1,268
4,4,3,4,3,3,268
4,4,4,2,4,4,268
5,5,4,5,5,5,268
4,4,2,5,2,4,268
5,4,5,4,5,4,268
4,4,1,4,2,2,268
4,3,3,3,3,3,268
5,5,3,3,5,5,268
5,4,4,4,4,4,268
4,3,2,3,5,4,268
4,4,3,4,3,3,268
4,4,2,4,3,4,268
5,5,3,3,2,2,249
4,4,2,5,3,3,249
5,5,4,4,4,4,249
5,5,1,5,3,2,249
5,5,4,3,5,4,249
3,3,5,3,4,5,249
5,5,5,5,4,4,249
4,4,2,4,4,4,249
5,4,3,5,4,4,249
5,4,5,5,2,3,249
4,4,2,4,3,3,249
4,4,1,4,2,2,249
4,3,4,4,3,3,249
3,3,2,4,2,2,249
5,6,5,5,5,5,249
5,4,2,5,5,4,249
5,5,4,5,4,4,249
6,6,2,5,4,4,249
5,5,3,5,3,3,249
5,5,5,6,4,4,249
4,4,3,5,4,4,249
5,5,3,5,4,4,249
5,5,3,5,5,5,249
5,6,4,5,5,5,249
5,5,5,5,5,5,99
5,5,3,5,4,4,99
5,4,3,5,3,4,99
4,4,2,5,3,3,99
5,5,2,4,2,2,99
5,4,3,5,3,3,99
5,5,4,5,4,4,99
5,5,1,5,3,4,99
5,5,5,5,5,5,99
4,4,4,5,4,4,193
4,2,2,3,2,1,193
4,4,3,4,4,4,193
5,5,3,4,4,2,193
5,5,2,5,3,3,193
5,5,4,5,4,4,193
5,4,4,4,4,3,193
4,4,5,5,4,4,193
5,5,3,5,3,3,193
4,4,3,4,3,2,193
4,5,2,4,3,2,193
4,4,1,4,2,2,193
5,5,2,3,5,4,193
4,4,2,3,4,4,193
4,4,4,3,4,4,193
5,5,4,4,5,5,193
3,3,3,4,2,2,202
5,4,4,5,5,5,202
4,4,1,3,4,4,202
3,3,3,4,5,5,202
5,4,3,5,4,4,202
6,5,5,5,1,5,202
4,4,2,4,4,4,202
4,4,4,5,4,4,202
2,3,3,2,5,3,202
4,3,3,3,2,3,202
5,5,2,4,4,4,202
4,4,2,4,3,3,202
4,4,2,4,3,2,202
4,4,3,5,5,4,202
4,4,4,4,2,3,202
5,4,4,4,4,4,202
4,4,2,4,3,3,202
4,4,3,3,4,4,172
5,5,5,4,5,5,172
5,5,5,5,6,5,172
4,4,1,4,5,4,172
5,5,5,5,5,5,172
3,3,1,4,2,1,172
5,5,3,5,5,5,172
2,2,3,3,1,2,172
5,4,5,4,5,5,172
5,4,2,4,3,3,172
4,4,2,4,2,2,172
4,4,4,3,4,4,172
4,4,4,3,3,2,172
5,5,5,5,5,5,203
6,6,6,5,6,6,203
5,5,4,4,4,4,203
5,5,3,5,4,4,203
6,6,5,4,5,5,203
3,5,2,4,2,2,203
5,5,5,4,5,5,203
5,5,4,4,4,2,203
5,5,3,5,1,1,203
5,5,3,6,4,2,203
5,5,4,5,5,4,203
5,4,2,4,3,4,203
5,4,4,3,5,4,203
5,4,2,4,3,4,203
5,5,4,5,4,3,203
5,5,3,5,4,4,203
4,4,4,4,4,4,203
4,4,4,5,5,4,227
4,4,2,1,2,2,227
6,5,3,6,3,4,227
5,5,1,5,3,2,227
3,3,1,3,1,1,227
4,4,4,3,4,4,227
5,4,3,4,4,5,227
4,5,2,3,4,4,227
5,5,4,4,6,4,227
5,5,5,5,5,5,227
5,5,3,4,5,5,227
3,4,2,3,3,3,227
5,3,5,6,4,5,227
4,3,2,3,1,1,227
5,3,1,2,4,3,227
4,4,4,4,4,4,227
5,4,3,3,5,5,227
5,4,3,4,2,4,227
4,4,1,4,2,3,227
4,4,3,5,4,4,227
6,5,5,5,5,4,292
5,5,4,5,5,4,292
6,5,5,5,6,5,292
5,5,4,5,4,4,292
4,5,4,4,5,4,292
5,5,4,5,4,4,292
5,5,3,5,4,4,292
6,6,5,5,4,4,292
6,6,4,2,4,4,292
5,5,4,5,4,4,292
5,5,5,5,3,3,292
6,6,4,5,4,5,292
5,4,5,1,2,1,292
5,4,5,4,5,4,292
6,6,6,5,6,6,292
5,5,4,3,4,4,292
5,5,2,6,4,3,292
5,5,3,5,4,3,292
5,5,4,5,4,4,292
6,6,5,5,5,5,292
5,5,3,4,4,4,292
4,3,4,3,4,3,292
6,6,5,5,5,5,292
5,5,4,5,4,4,292
5,5,4,4,5,4,292
5,5,4,5,4,4,292
5,5,4,5,3,3,292
4,4,2,3,4,3,292
6,6,3,5,5,6,292
5,5,4,5,5,3,292
5,4,3,5,2,3,292
4,4,4,4,4,4,292
5,5,3,6,4,4,292
5,5,4,5,4,4,292
5,5,2,5,4,2,292
6,6,5,2,6,5,292
5,5,3,5,3,3,292
5,5,2,4,5,5,292
5,5,2,4,5,5,292
5,4,3,5,5,3,292
5,4,2,4,2,3,292
5,5,4,5,3,3,292
4,3,2,5,2,2,292
5,5,2,5,5,2,292
6,6,5,5,5,5,292
5,5,4,5,4,4,292
4,5,2,4,5,4,292
4,4,4,4,4,3,118
5,5,3,4,4,4,118
5,4,4,3,4,4,118
2,3,3,4,3,3,118
5,5,2,4,3,2,118
4,4,5,4,5,5,118
6,5,5,5,6,6,118
5,5,4,5,5,4,118
4,4,2,5,3,4,118
5,4,2,3,5,4,118
5,5,2,5,4,4,119
3,3,4,2,4,4,119
4,3,4,4,4,4,119
5,4,2,5,4,4,119
2,3,3,3,2,3,119
4,4,2,4,4,2,119
4,5,2,5,4,3,119
5,4,3,4,3,4,119
5,5,4,6,5,4,119
5,4,4,3,5,4,119
5,5,4,5,5,5,142
4,3,2,5,3,4,142
5,5,2,5,4,4,142
4,4,3,5,5,5,142
5,4,5,5,5,5,142
4,4,2,5,4,3,142
4,3,3,4,3,3,142
5,5,2,4,4,4,142
3,2,1,3,3,3,142
5,5,4,4,5,6,142
4,3,2,4,3,5,142
4,4,5,3,6,6,143
4,4,3,2,6,5,143
2,2,3,2,2,2,143
4,4,4,3,4,4,143
2,2,5,3,2,2,143
4,5,5,2,5,5,143
5,5,5,6,6,6,143
5,5,4,4,4,5,143
5,2,4,3,3,5,143
4,4,3,2,4,5,143
3,3,1,3,2,1,143
4,4,4,4,4,4,180
4,4,3,5,4,4,180
5,5,5,5,4,4,180
5,5,4,5,4,4,180
6,6,4,5,5,4,180
5,4,3,4,4,4,180
4,4,4,6,4,4,180
6,6,4,5,5,5,180
5,5,3,5,5,5,180
5,4,2,3,3,4,180
5,5,3,3,4,3,180
4,4,4,5,5,5,180
6,6,4,6,5,5,180
5,5,4,5,5,5,180
5,5,2,5,4,4,85
3,3,1,3,3,3,85
4,4,2,4,5,5,85
4,5,3,4,3,4,85
5,5,3,4,4,4,85
5,5,4,5,5,4,85
4,5,2,5,3,3,85
5,5,3,5,5,5,85
5,5,5,5,6,6,228
3,3,2,3,2,1,228
2,2,4,2,2,2,228
5,5,2,5,5,5,228
2,1,2,4,2,1,228
5,5,3,4,4,3,228
6,6,5,6,6,6,228
4,4,4,3,4,3,228
6,6,4,5,4,6,228
5,4,4,5,4,3,228
4,4,4,5,4,2,228
5,5,4,4,5,5,228
5,5,4,5,5,5,228
4,4,4,5,4,4,228
5,5,4,5,5,4,228
4,4,1,4,3,4,228
5,5,3,3,5,3,228
4,4,3,4,5,4,228
5,5,4,5,4,4,228
5,5,3,5,4,4,228
4,4,3,5,3,2,204
6,6,5,6,5,5,204
6,5,4,6,4,5,204
6,5,3,6,4,5,204
6,6,2,6,6,6,204
3,3,2,3,3,2,204
4,4,3,4,5,4,204
5,5,4,4,5,5,204
6,6,3,1,4,3,204
5,4,3,5,5,5,204
4,4,3,4,3,4,204
5,5,4,5,5,5,204
5,5,4,5,5,5,204
5,5,5,6,5,5,204
5,4,3,4,4,3,204
4,4,4,4,4,4,204
5,5,3,4,5,4,204
5,5,4,4,4,4,58
6,6,5,5,5,5,58
5,5,3,5,5,4,58
5,5,4,5,5,5,58
5,5,5,5,5,4,58
6,6,4,5,5,5,58
4,4,1,4,2,3,76
5,5,3,4,4,4,76
5,5,5,5,5,5,76
4,4,4,3,4,4,76
5,5,4,3,5,5,76
3,2,2,3,2,2,76
5,4,3,4,3,2,76
3,4,1,2,5,5,162
4,4,4,3,2,2,162
5,4,4,4,3,4,162
4,4,5,3,4,4,162
4,3,1,3,2,4,162
4,4,1,4,3,4,162
4,4,1,2,3,3,162
5,5,4,4,6,3,162
5,5,2,2,2,2,162
3,3,3,3,4,4,162
4,4,3,4,4,4,162
4,3,1,3,1,1,162
2,2,2,3,1,1,86
4,4,1,3,4,4,86
5,5,3,4,3,2,86
2,1,2,2,2,2,86
5,4,4,4,5,5,86
5,5,5,6,5,5,86
3,2,1,3,1,3,86
3,2,1,5,1,1,86
4,4,2,4,2,2,239
4,2,3,4,2,2,239
4,4,4,3,5,4,239
5,5,2,4,1,1,239
3,4,2,3,3,2,239
3,4,1,2,1,1,239
4,2,2,3,2,2,239
3,3,3,5,4,4,239
4,4,2,2,2,3,239
4,4,1,3,3,3,239
4,4,2,4,4,4,239
5,5,2,5,3,3,239
5,4,5,2,2,2,239
3,4,1,3,2,2,239
4,4,2,5,2,2,239
3,2,2,3,2,1,239
4,4,2,3,4,4,239
5,5,2,4,4,3,239
4,5,4,4,4,4,239
4,4,2,3,2,2,239
2,3,1,3,2,2,239
5,5,4,5,4,4,239
5,4,1,3,3,3,173
4,4,1,3,2,1,173
5,5,4,2,5,5,173
5,5,5,6,5,6,173
5,5,2,5,5,4,173
4,4,4,4,3,3,173
4,4,2,4,3,3,173
3,2,1,3,3,2,173
5,5,4,6,4,3,173
6,6,6,1,4,3,173
5,5,3,5,4,4,173
5,5,4,5,4,4,173
4,4,1,4,2,2,173
2,2,2,2,4,2,43
4,4,2,4,3,2,43
4,4,2,4,4,4,43
5,4,3,4,3,3,43
3,3,2,4,4,3,43
5,4,4,4,4,4,254
5,5,3,5,5,5,254
6,6,4,6,6,6,254
4,4,3,4,3,4,254
6,5,4,4,5,5,254
5,5,2,5,4,4,254
6,6,4,4,5,5,254
5,5,3,5,4,4,254
5,5,4,5,5,5,254
6,6,4,6,6,6,254
5,5,3,5,5,5,254
5,4,3,5,4,4,254
5,5,5,5,4,2,254
6,6,4,6,6,6,254
5,5,4,5,4,4,254
5,4,3,4,3,3,254
6,6,4,3,4,4,254
5,6,2,5,3,1,254
6,6,5,5,5,5,254
5,5,4,5,6,6,254
6,5,5,5,6,5,254
6,6,5,1,5,6,254
5,4,3,4,4,3,254
5,5,3,4,3,3,254
6,6,5,6,6,6,254
3,4,3,3,5,5,163
4,4,3,3,4,4,163
4,3,3,2,3,4,163
5,4,4,4,4,4,163
4,4,4,4,3,3,163
2,2,2,2,3,3,163
5,4,2,5,4,2,163
5,5,2,5,2,3,163
5,5,5,5,5,4,163
3,3,4,3,4,4,163
5,5,2,4,2,3,163
2,2,2,5,2,2,163
4,4,2,4,3,4,194
2,1,2,3,2,2,194
3,2,1,3,3,4,194
4,4,3,4,3,3,194
4,4,1,1,3,2,194
2,2,2,3,2,1,194
3,2,2,3,2,2,194
4,3,3,5,3,3,194
2,1,1,2,1,2,194
5,5,5,6,5,3,194
5,4,2,5,3,3,194
5,5,2,5,3,2,194
4,3,2,3,3,3,194
5,2,2,3,3,3,194
4,3,5,3,5,5,194
2,2,2,2,2,2,194
4,4,4,5,4,3,240
4,5,3,4,4,3,240
5,5,2,4,4,4,240
5,5,5,4,5,5,240
4,4,3,3,4,3,240
5,5,5,6,5,5,240
2,4,4,3,3,2,240
5,5,5,5,5,5,240
6,6,5,5,5,4,240
4,4,3,4,4,3,240
5,5,3,5,5,4,240
5,5,3,3,5,4,240
5,5,4,5,5,5,240
5,5,4,4,4,4,240
4,4,5,3,5,4,240
5,4,4,3,5,4,240
6,6,5,6,6,6,240
5,5,5,4,6,6,240
5,5,4,5,5,5,240
3,3,2,3,2,2,240
6,6,5,6,6,6,240
6,6,4,6,4,3,240
6,6,5,6,5,4,210
6,6,2,6,5,5,210
6,6,5,6,5,5,210
5,5,5,5,5,5,210
5,5,2,5,5,5,210
4,4,3,4,4,4,210
5,5,1,3,3,2,210
5,4,2,5,4,3,210
5,5,4,5,4,5,210
5,5,4,4,5,5,210
5,5,2,5,4,4,210
5,5,4,4,4,4,210
5,6,4,5,5,6,210
6,6,3,5,4,4,210
4,4,1,5,4,4,210
5,6,5,6,6,6,210
3,3,2,4,3,2,210
5,5,3,5,5,5,210
5,5,4,5,5,5,211
5,5,2,2,2,2,211
5,5,4,5,4,4,211
6,6,3,6,6,6,211
5,6,4,5,5,4,211
6,6,4,5,4,4,211
6,6,5,6,6,6,211
6,6,5,6,5,5,211
5,5,5,5,5,5,211
6,6,1,2,4,4,211
6,6,3,6,4,4,211
5,5,3,5,3,2,211
6,6,5,6,5,5,211
6,6,4,3,5,5,211
5,5,4,5,5,5,211
5,6,4,5,4,4,211
6,6,5,6,5,4,211
5,3,3,5,5,2,211
5,5,3,5,4,4,100
5,5,5,5,5,2,100
2,2,2,5,1,2,100
2,2,1,1,2,2,100
4,3,1,4,3,2,100
5,5,3,4,5,5,100
4,4,2,5,3,3,100
4,3,2,4,2,2,100
5,5,3,3,4,4,100
5,5,4,4,4,3,260
5,4,3,4,3,2,260
5,5,3,5,5,5,260
5,4,3,5,5,4,260
5,5,3,6,4,3,260
5,4,4,3,4,3,260
6,6,6,6,6,6,260
5,5,5,5,4,5,260
5,6,5,5,6,6,260
6,6,4,6,6,6,260
6,6,4,5,5,4,260
4,4,1,4,2,2,260
6,6,5,2,5,5,260
4,4,4,4,4,4,260
5,5,5,6,5,5,260
6,6,4,5,4,4,260
6,6,5,6,6,6,260
5,5,4,4,5,4,260
5,4,3,5,4,2,260
5,4,4,5,5,4,260
5,5,3,4,4,2,260
6,6,5,6,6,6,260
4,4,5,5,5,5,260
5,5,4,5,5,5,260
5,5,4,5,4,4,260
6,6,5,5,5,5,260
5,4,2,5,3,3,260
5,5,4,5,4,5,257
5,5,4,5,3,3,257
6,6,3,5,5,5,257
6,5,5,6,5,5,257
6,6,4,5,5,5,257
5,4,4,5,5,5,257
5,5,3,5,4,6,257
5,5,3,4,5,5,257
6,6,4,5,6,6,257
5,5,4,5,4,4,257
4,4,2,5,5,2,257
5,5,2,4,3,3,257
6,6,3,6,4,4,257
5,5,4,5,4,4,257
5,5,2,4,4,5,257
6,6,4,5,4,5,257
6,6,4,6,4,4,257
6,5,3,5,5,5,257
5,5,3,3,5,5,257
5,4,2,5,2,3,257
6,5,4,4,5,5,257
5,5,4,5,5,5,257
6,6,3,6,5,6,257
5,5,4,5,4,4,257
5,5,4,5,4,5,257
5,5,4,4,5,5,257
5,5,5,5,5,4,220
6,6,2,3,5,5,220
5,5,4,5,5,5,220
4,4,3,5,3,4,220
5,5,2,5,3,3,220
6,6,4,5,5,5,220
6,6,4,5,5,5,220
5,6,4,4,5,5,220
5,5,5,5,5,5,220
6,6,3,6,5,5,220
6,6,5,5,5,5,220
6,6,4,6,6,5,220
5,5,4,4,4,4,220
5,5,4,5,5,5,220
5,5,2,4,4,4,220
6,5,4,5,5,5,220
6,6,2,6,6,6,220
5,5,2,4,4,4,220
6,6,6,6,6,6,220
5,4,3,4,5,4,164
5,5,3,5,5,6,164
4,4,2,3,3,3,164
4,3,3,3,4,4,164
5,5,3,5,4,3,164
5,5,3,5,4,4,164
5,5,4,5,5,5,164
4,4,2,2,1,1,164
4,4,3,4,4,4,164
5,5,5,5,6,5,164
5,5,5,5,5,5,164
3,3,2,4,3,3,164
5,5,5,5,5,5,59
6,6,6,5,5,5,59
3,3,3,3,2,3,59
5,5,3,6,4,2,59
6,6,5,1,5,5,59
5,5,4,4,5,5,59
4,3,4,5,4,4,101
5,4,3,5,4,3,101
4,4,1,4,3,1,101
4,2,2,3,2,2,101
4,3,3,3,2,3,101
4,3,3,3,3,3,101
5,4,4,5,5,4,101
3,3,2,3,3,2,101
6,5,4,3,4,3,101
5,5,4,3,4,4,144
5,5,2,4,2,3,144
4,5,4,4,4,4,144
6,6,4,3,4,4,144
5,5,3,5,4,4,144
6,6,5,5,5,5,144
6,6,3,4,4,4,144
4,4,5,5,4,4,144
5,5,4,4,3,1,144
5,4,5,3,4,4,144
5,5,4,5,5,5,144
4,5,4,4,5,4,120
5,6,2,5,6,4,120
5,5,3,3,6,4,120
5,5,4,5,5,5,120
5,4,2,5,4,3,120
5,5,2,3,4,3,120
5,5,4,5,5,5,120
5,5,2,4,6,4,120
5,5,5,5,5,5,120
5,5,4,5,4,4,120
3,2,2,3,2,2,102
3,3,2,3,3,2,102
5,5,4,5,5,5,102
5,5,1,5,3,2,102
2,2,2,3,3,3,102
3,3,4,4,3,4,102
6,5,3,5,5,5,102
6,6,4,5,4,3,102
4,4,2,3,3,3,102
4,3,2,2,2,2,212
5,5,3,4,4,3,212
3,3,2,5,3,3,212
5,5,1,5,4,2,212
5,5,5,5,5,6,212
6,5,2,4,4,5,212
6,6,6,6,6,6,212
4,4,3,3,4,4,212
4,4,4,4,4,4,212
5,4,4,2,4,4,212
5,4,4,4,4,4,212
6,6,4,4,5,5,212
5,5,1,5,4,4,212
6,6,4,5,6,5,212
5,6,3,5,4,4,212
5,5,3,4,4,4,212
5,5,6,4,4,4,212
6,6,5,5,5,5,212
2,2,2,3,2,3,121
4,3,1,4,2,2,121
5,5,4,5,4,4,121
6,4,4,6,6,5,121
5,4,2,5,4,2,121
5,3,3,3,5,4,121
4,3,2,4,2,2,121
5,5,5,5,5,5,121
5,5,4,3,5,5,121
3,3,4,4,4,4,121
4,4,1,5,2,2,274
5,5,4,4,4,4,274
5,5,2,5,5,5,274
5,5,4,2,4,5,274
4,4,2,5,5,5,274
4,5,3,3,3,3,274
5,5,2,5,5,5,274
5,5,4,5,3,4,274
5,5,5,5,6,4,274
4,5,1,2,2,1,274
4,4,3,4,3,3,274
5,5,4,5,4,4,274
5,4,4,5,4,3,274
6,6,6,1,6,6,274
4,4,3,5,3,3,274
5,5,5,5,4,4,274
4,4,2,4,4,4,274
4,4,2,3,2,2,274
2,2,1,2,2,2,274
5,4,5,5,5,5,274
5,5,4,4,5,3,274
6,6,4,6,5,4,274
5,4,2,5,2,2,274
5,5,2,5,2,2,274
6,6,4,5,5,5,274
5,4,1,5,5,5,274
4,5,4,6,3,3,274
4,4,4,3,4,4,274
5,4,1,4,1,2,274
5,6,5,4,5,5,174
4,4,3,4,4,4,174
4,3,2,3,3,3,174
5,4,2,5,4,4,174
4,4,3,4,3,2,174
5,5,4,4,5,5,174
5,5,4,5,4,5,174
4,4,3,5,4,3,174
5,4,1,5,3,2,174
6,6,4,6,5,5,174
5,5,4,4,4,5,174
4,4,3,4,2,2,174
4,2,4,5,4,4,174
5,5,5,4,5,5,250
3,3,4,3,4,4,250
6,6,5,6,5,5,250
5,5,4,3,4,4,250
5,5,2,4,4,3,250
5,5,5,5,5,5,250
5,5,4,4,5,4,250
5,5,4,5,4,4,250
5,5,4,5,4,3,250
5,5,2,5,4,4,250
5,4,4,5,5,5,250
4,4,2,4,3,2,250
5,5,4,4,5,4,250
6,6,5,5,6,5,250
5,5,4,5,5,5,250
6,6,4,6,5,5,250
5,4,3,5,5,4,250
5,5,3,5,3,5,250
5,5,2,2,4,2,250
5,5,4,5,5,5,250
5,5,4,4,5,5,250
3,3,3,2,4,3,250
1,1,1,1,2,2,250
5,5,4,2,6,5,250
4,3,3,3,4,3,77
4,5,4,5,4,4,77
3,2,1,4,2,2,77
5,4,4,5,4,4,77
4,4,4,3,3,4,77
5,4,2,5,2,3,77
4,3,3,5,3,3,77
5,5,5,3,4,4,44
5,5,3,4,4,3,44
4,4,4,2,4,3,44
5,5,4,5,4,5,44
4,4,3,4,3,3,44
6,6,5,5,5,5,165
5,5,4,6,6,5,165
4,5,4,3,5,5,165
6,6,6,6,6,6,165
6,6,6,6,6,6,165
4,4,4,3,3,3,165
4,4,5,2,2,2,165
5,5,5,5,6,5,165
4,4,4,3,4,4,165
4,4,1,4,4,2,165
5,5,4,4,6,5,165
5,5,4,6,4,4,165
5,5,4,3,4,4,213
4,4,4,3,4,4,213
6,6,3,5,5,4,213
5,6,4,4,5,4,213
5,6,5,6,5,5,213
6,6,5,5,4,4,213
6,6,4,5,5,4,213
6,6,4,6,6,6,213
6,6,4,5,5,5,213
6,6,4,6,4,5,213
6,6,5,5,6,6,213
5,6,5,4,5,5,213
6,6,4,5,5,5,213
5,5,4,4,4,4,213
6,6,5,6,6,5,213
6,5,5,6,5,5,213
6,6,4,4,5,5,213
6,6,4,6,5,5,213
5,5,4,5,5,5,60
5,5,5,5,5,5,60
4,4,2,4,5,4,60
5,5,3,5,5,3,60
5,5,4,5,5,4,60
4,4,2,4,5,3,60
5,4,3,5,3,3,145
5,5,4,5,5,5,145
5,5,4,2,4,4,145
5,5,4,5,4,4,145
6,6,2,5,4,5,145
5,6,5,5,5,5,145
5,5,5,5,5,5,145
5,5,4,5,5,5,145
5,5,3,4,5,5,145
5,6,4,3,3,3,145
5,5,3,5,5,5,145
5,6,1,6,5,5,61
6,6,6,1,6,6,61
6,6,6,1,6,6,61
6,6,6,1,6,6,61
6,6,6,1,6,6,61
6,6,6,1,6,6,61
5,4,3,4,2,2,45
5,5,4,5,5,4,45
6,6,5,5,5,5,45
5,5,5,4,5,5,45
5,5,4,5,4,3,45
6,6,4,3,5,5,146
4,4,4,4,4,4,146
5,6,5,4,5,5,146
5,6,5,5,6,5,146
5,4,5,4,5,5,146
5,4,3,4,5,5,146
5,4,5,5,4,4,146
4,4,4,3,5,5,146
4,4,3,4,3,3,146
5,5,4,5,4,4,146
5,5,4,4,5,5,146
3,3,4,5,4,3,261
4,3,1,4,2,3,261
4,4,5,4,2,1,261
4,4,3,3,3,3,261
4,4,4,4,3,3,261
3,3,2,5,4,4,261
5,5,4,5,5,5,261
5,5,4,5,4,5,261
3,3,3,3,3,3,261
4,4,4,4,5,5,261
5,4,4,5,3,4,261
5,3,4,5,4,4,261
5,4,2,5,3,3,261
5,4,2,4,4,4,261
5,4,1,3,3,4,261
4,4,2,5,3,3,261
4,4,3,4,4,4,261
5,5,4,4,3,3,261
4,4,2,4,2,2,261
5,4,3,4,5,4,261
5,4,1,4,3,2,261
4,4,1,4,3,3,261
5,4,4,4,4,4,261
2,2,2,5,3,2,261
4,4,3,5,3,2,261
4,4,3,3,3,4,261
5,4,3,5,4,4,261
4,4,3,2,3,3,147
5,5,5,4,5,5,147
5,5,5,5,5,5,147
6,5,4,5,5,4,147
4,4,3,4,3,3,147
4,4,2,4,4,3,147
4,4,1,4,3,3,147
5,4,3,4,4,5,147
4,4,3,5,2,3,147
4,4,5,4,5,5,147
5,5,5,4,5,5,147
4,4,3,3,4,4,195
4,4,4,3,4,4,195
4,4,3,4,4,2,195
2,3,3,4,2,2,195
4,3,3,5,3,3,195
4,4,4,3,4,4,195
5,5,4,5,5,5,195
5,4,3,4,3,4,195
5,6,3,5,5,4,195
5,5,4,5,5,4,195
5,5,3,6,5,5,195
5,4,4,5,4,4,195
4,4,3,3,5,5,195
5,4,2,5,4,4,195
5,5,3,5,4,4,195
5,5,4,5,4,4,195
5,4,1,5,3,4,62
5,5,4,4,5,4,62
5,5,2,4,4,3,62
5,5,1,5,3,3,62
5,5,4,4,4,3,62
5,5,4,5,5,5,62
5,5,3,5,5,5,87
5,4,5,5,5,4,87
3,3,2,3,3,1,87
5,5,4,6,6,6,87
5,5,5,5,5,5,87
5,5,4,5,3,4,87
5,5,5,4,4,4,87
5,4,4,3,3,4,87
5,4,4,5,4,4,175
5,5,4,5,4,4,175
6,5,5,5,5,5,175
4,2,1,3,4,3,175
5,5,4,4,5,5,175
4,4,4,3,4,4,175
5,4,2,4,4,4,175
5,5,2,5,3,4,175
5,5,5,2,5,5,175
5,5,3,5,3,3,175
6,6,5,5,4,5,175
5,4,2,3,2,2,175
5,5,2,4,3,3,175
5,5,3,3,4,4,205
5,6,4,6,5,5,205
5,5,4,5,5,5,205
5,6,4,4,4,4,205
5,4,5,5,5,3,205
5,4,2,5,5,3,205
5,5,3,4,4,5,205
5,4,1,4,4,3,205
5,5,4,5,4,5,205
4,4,2,4,4,4,205
4,3,1,3,2,3,205
3,3,3,5,3,3,205
6,6,5,4,5,5,205
4,4,4,3,4,4,205
5,4,2,4,4,3,205
6,6,5,5,6,5,205
5,5,2,5,4,3,205
2,2,3,2,2,2,251
4,4,3,3,5,5,251
2,2,2,4,3,3,251
5,5,5,5,5,5,251
4,4,4,4,5,4,251
4,4,4,4,5,5,251
5,5,1,5,3,2,251
5,2,5,3,5,5,251
5,5,4,5,5,5,251
4,4,4,3,4,4,251
3,4,4,2,5,4,251
4,4,3,3,5,4,251
5,2,2,5,3,4,251
2,2,3,2,4,4,251
4,4,4,5,4,4,251
4,2,3,4,3,2,251
3,3,3,3,3,3,251
5,4,3,5,4,3,251
5,5,3,5,4,5,251
2,3,1,1,2,2,251
3,2,3,3,5,3,251
2,2,4,4,3,5,251
5,4,3,4,5,5,251
4,4,5,4,5,4,251
4,2,2,3,1,1,188
5,5,2,5,4,4,188
5,5,4,5,4,4,188
5,5,1,2,2,2,188
5,4,5,5,4,4,188
5,5,4,5,5,5,188
3,3,2,3,2,2,188
5,4,2,4,4,4,188
5,5,3,5,4,4,188
5,5,2,4,4,4,188
5,5,5,4,5,5,188
5,4,4,5,4,4,188
5,5,5,3,5,5,188
2,2,1,3,1,1,188
5,4,2,4,4,4,188
5,5,4,5,4,4,122
5,4,2,4,4,4,122
2,2,1,3,2,2,122
4,4,4,3,4,4,122
6,5,4,5,5,5,122
5,5,3,5,6,3,122
3,3,3,3,3,2,122
4,4,4,4,4,4,122
5,5,3,5,5,5,122
4,4,4,3,4,3,122
5,5,4,5,5,4,103
6,6,4,4,5,4,103
5,5,4,6,4,5,103
6,6,3,4,4,4,103
6,6,4,5,6,5,103
5,4,6,5,5,5,103
5,5,4,4,5,5,103
5,4,3,4,3,3,103
5,5,3,5,4,4,103
5,5,5,5,5,5,88
5,5,4,5,5,4,88
5,5,4,6,5,5,88
4,5,2,5,5,4,88
5,5,5,5,6,5,88
5,6,4,5,5,4,88
5,5,4,5,6,4,88
3,3,5,2,5,3,88
4,4,2,4,4,4,262
5,5,5,3,5,5,262
6,6,4,5,5,5,262
5,5,3,5,3,3,262
5,5,4,5,5,5,262
4,4,2,4,2,2,262
5,4,4,5,4,3,262
5,5,3,4,4,4,262
5,5,3,5,4,4,262
5,5,4,4,4,4,262
5,5,2,5,5,4,262
5,4,3,3,4,5,262
5,5,3,5,4,4,262
5,5,4,5,5,4,262
6,6,5,5,5,5,262
5,5,4,5,4,4,262
5,5,5,5,5,3,262
6,6,4,6,5,5,262
4,3,3,3,3,2,262
4,4,5,3,5,4,262
4,4,4,3,5,5,262
5,4,4,4,5,4,262
5,5,4,3,4,4,262
5,4,4,4,4,4,262
4,5,3,5,4,2,262
6,6,5,6,4,5,262
5,4,4,5,5,4,262
6,6,4,6,4,4,46
6,6,6,5,6,5,46
5,5,3,4,4,4,46
4,3,1,2,3,1,46
6,5,4,5,4,3,46
2,3,1,4,1,1,78
5,5,2,4,3,3,78
4,4,4,4,4,4,78
5,5,4,5,5,5,78
5,5,4,4,5,5,78
4,4,3,4,4,3,78
5,5,4,3,5,5,78
5,4,4,4,4,4,123
5,4,5,5,4,4,123
4,4,3,5,3,3,123
4,4,5,4,4,3,123
6,6,5,6,5,5,123
4,4,5,4,5,5,123
4,4,4,4,5,4,123
4,4,2,4,4,4,123
4,3,4,5,5,4,123
5,5,4,5,4,5,123
4,5,2,3,2,2,221
4,4,3,4,3,3,221
4,4,3,4,4,4,221
5,5,3,3,4,4,221
6,6,3,4,5,4,221
5,5,4,5,4,4,221
5,5,2,2,4,4,221
5,5,3,5,2,2,221
5,6,4,4,4,4,221
5,4,3,3,4,3,221
5,4,4,5,4,4,221
5,5,2,5,4,4,221
5,5,5,2,5,5,221
5,4,4,5,4,4,221
4,4,3,3,2,2,221
4,4,2,3,2,3,221
5,5,4,4,4,5,221
5,5,4,3,4,4,221
4,4,2,4,4,4,221
5,5,4,5,5,5,289
5,5,5,2,5,5,289
4,4,4,4,4,4,289
4,4,4,5,4,3,289
2,2,2,4,3,3,289
6,6,5,5,4,4,289
4,4,2,4,4,3,289
6,6,5,6,5,5,289
6,5,3,5,3,3,289
5,4,5,4,4,4,289
3,3,3,5,3,2,289
4,3,2,2,2,2,289
5,3,5,3,5,5,289
4,4,4,4,4,3,289
5,5,4,5,4,4,289
5,4,3,5,3,4,289
5,4,3,4,3,3,289
5,3,3,4,1,1,289
6,5,4,5,4,4,289
5,4,4,4,4,3,289
4,3,4,6,5,5,289
4,4,3,4,4,3,289
5,5,3,6,5,5,289
5,4,2,4,2,2,289
5,4,2,4,3,3,289
5,4,2,4,2,2,289
6,5,5,6,5,5,289
5,5,1,5,3,3,289
4,4,3,3,4,3,289
4,4,5,3,5,4,289
4,5,3,4,2,2,289
6,6,6,1,6,6,289
4,3,2,3,4,2,289
5,4,2,4,4,3,289
5,3,3,5,3,4,289
5,5,4,5,5,5,289
4,4,3,5,4,4,289
5,4,4,5,4,4,289
3,3,2,3,3,3,289
5,5,4,5,4,4,289
5,5,4,2,4,4,189
5,5,5,4,5,5,189
5,5,5,4,5,5,189
6,5,5,6,5,5,189
6,5,4,5,5,5,189
6,6,5,6,4,4,189
4,4,3,3,3,4,189
5,6,4,5,5,4,189
6,5,2,5,4,5,189
5,5,4,5,4,4,189
4,4,4,4,2,3,189
6,6,5,5,4,4,189
5,5,4,5,5,4,189
5,4,5,5,4,4,189
5,5,4,5,5,5,189
5,5,2,5,4,4,255
6,6,4,6,5,5,255
4,4,2,3,5,4,255
5,1,4,5,4,5,255
4,5,3,4,3,3,255
5,4,4,4,5,5,255
4,4,3,3,4,4,255
4,4,3,4,4,4,255
6,5,4,3,5,5,255
4,4,4,3,4,4,255
5,4,2,3,2,2,255
5,5,2,5,3,3,255
5,5,3,4,4,4,255
5,5,4,5,4,4,255
5,5,1,4,3,2,255
5,4,2,3,3,2,255
4,3,2,5,4,3,255
5,5,5,5,5,5,255
2,2,3,6,3,3,255
5,5,4,5,4,4,255
5,5,3,5,4,4,255
4,4,3,5,4,4,255
5,5,2,5,3,4,255
4,4,4,3,4,4,255
5,5,3,4,4,4,255
6,6,3,5,4,4,124
4,2,2,4,2,2,124
6,6,4,5,3,2,124
5,4,4,4,5,4,124
4,4,4,5,4,5,124
4,4,3,4,3,4,124
5,3,3,4,2,1,124
4,4,2,4,4,2,124
4,4,2,4,4,4,124
4,3,1,3,1,1,124
5,5,4,4,4,4,258
5,4,4,4,4,4,258
3,4,1,2,3,3,258
6,6,4,6,4,5,258
5,5,3,4,4,3,258
6,6,3,4,5,5,258
5,5,2,4,2,2,258
5,5,3,4,4,4,258
5,5,3,5,5,5,258
6,5,4,4,4,4,258
6,6,5,4,4,4,258
5,5,3,5,4,3,258
5,5,4,4,4,4,258
5,4,2,3,5,2,258
6,6,4,6,6,6,258
6,6,4,6,5,4,258
4,4,3,4,4,4,258
4,5,4,4,4,4,258
6,6,4,6,4,4,258
5,6,4,5,5,5,258
4,6,2,4,6,6,258
5,5,4,4,5,4,258
5,5,4,4,4,4,258
6,6,4,5,5,5,258
5,5,2,2,5,5,258
5,5,3,4,4,3,258
3,3,3,3,4,3,284
5,5,4,4,4,4,284
5,5,5,6,6,4,284
5,5,5,6,5,5,284
6,6,3,5,4,4,284
5,5,4,5,4,4,284
6,6,5,6,5,5,284
5,5,3,5,5,4,284
5,5,3,5,5,4,284
5,5,3,3,4,4,284
5,6,4,6,6,6,284
4,4,4,4,4,4,284
4,4,3,5,5,2,284
5,5,4,5,5,4,284
5,5,4,5,5,5,284
4,4,4,4,4,5,284
4,4,4,3,4,4,284
5,4,4,5,4,5,284
5,5,3,5,4,2,284
5,5,4,5,5,4,284
5,5,4,4,6,5,284
4,4,5,5,6,5,284
6,6,5,6,6,5,284
4,4,3,5,4,4,284
5,5,4,4,4,4,284
6,6,4,5,5,5,284
5,5,3,5,4,4,284
4,4,4,5,3,3,284
5,5,3,4,4,4,284
6,6,4,6,5,4,284
4,4,2,4,3,2,284
6,6,4,4,5,5,284
6,6,5,5,5,5,284
5,5,5,4,5,5,284
5,5,5,5,4,4,285
5,5,4,5,4,3,285
5,5,4,5,5,5,285
6,6,6,4,4,4,285
5,4,4,5,5,5,285
5,5,4,5,4,5,285
5,5,4,5,4,4,285
5,5,4,5,4,4,285
5,4,5,5,5,5,285
4,3,1,1,3,3,285
4,4,4,3,4,4,285
5,4,1,3,2,4,285
5,4,4,4,5,5,285
4,4,3,4,4,2,285
4,4,2,4,3,3,285
6,6,2,6,5,3,285
5,5,4,4,5,5,285
5,5,4,5,4,4,285
5,5,4,5,4,3,285
5,5,4,4,5,4,285
6,4,3,4,5,4,285
4,4,3,4,3,3,285
4,3,4,4,2,2,285
4,3,2,3,2,4,285
5,4,4,5,5,3,285
5,4,3,5,4,4,285
5,5,4,5,4,5,285
5,5,3,3,3,3,285
6,6,5,6,5,5,285
5,5,1,4,6,5,285
5,5,4,4,4,4,285
5,5,4,5,4,4,285
4,3,1,4,2,1,285
5,4,4,4,4,3,285
5,5,4,5,5,4,104
4,2,3,3,5,4,104
5,5,5,3,5,5,104
6,6,6,5,6,5,104
6,6,5,5,6,6,104
5,5,4,5,5,5,104
5,5,4,6,6,5,104
5,5,4,6,5,5,104
5,5,5,5,6,5,104
6,6,4,5,6,6,206
5,5,4,5,4,4,206
5,5,3,5,4,2,206
5,4,3,3,5,4,206
6,6,4,6,5,5,206
4,4,4,4,5,3,206
3,3,3,3,3,3,206
5,5,4,5,4,4,206
4,3,4,3,4,4,206
4,3,2,4,4,2,206
5,5,5,6,5,6,206
5,5,3,5,4,5,206
5,5,2,4,4,3,206
5,5,2,5,5,2,206
5,5,3,5,4,5,206
5,5,4,4,5,4,206
5,5,3,5,4,4,206
3,3,4,3,3,2,207
5,5,4,3,6,6,207
5,5,4,5,5,5,207
4,5,2,3,3,3,207
5,4,4,5,5,5,207
5,3,2,5,2,2,207
6,6,5,5,5,5,207
4,4,2,3,3,3,207
5,5,2,5,6,3,207
4,5,3,3,2,3,207
4,4,4,3,4,4,207
6,5,4,5,5,5,207
5,5,4,4,5,4,207
5,6,5,6,5,4,207
5,5,5,5,5,5,207
5,5,3,4,3,4,207
6,6,5,6,5,5,207
5,5,4,5,5,5,229
5,4,3,3,4,4,229
5,5,4,5,5,5,229
5,5,5,5,4,4,229
5,4,3,5,4,3,229
5,4,4,5,4,4,229
5,5,2,5,4,5,229
5,6,5,6,5,5,229
4,4,4,4,4,4,229
4,4,4,3,4,4,229
5,5,3,5,4,4,229
5,5,5,5,5,5,229
5,5,2,5,4,3,229
5,5,3,4,5,4,229
5,4,3,3,4,4,229
6,5,4,5,4,4,229
3,5,2,2,3,3,229
4,4,4,4,4,4,229
5,5,5,5,4,4,229
5,5,3,3,4,3,229
5,5,1,6,5,4,63
5,5,2,4,3,2,63
4,5,3,3,2,2,63
4,4,3,5,3,4,63
5,4,3,5,4,4,63
3,4,3,3,2,1,63
1,1,1,3,4,3,148
6,6,4,6,4,5,148
5,5,4,3,3,3,148
5,4,2,5,4,4,148
5,4,2,5,4,4,148
3,5,3,3,4,4,148
5,5,4,4,4,4,148
6,6,4,6,5,5,148
5,5,5,5,5,5,148
5,6,5,5,4,5,148
3,4,4,4,4,4,148
3,4,2,2,2,1,149
4,4,2,5,2,2,149
6,5,5,3,5,5,149
5,4,4,4,4,4,149
4,3,4,3,4,4,149
5,5,3,5,5,5,149
4,4,4,3,5,4,149
4,3,4,3,3,2,149
2,2,2,2,1,2,149
5,4,4,3,5,5,149
5,4,3,4,4,3,149
4,4,3,4,4,4,150
4,4,4,4,5,4,150
4,3,2,3,3,3,150
5,5,2,5,4,3,150
5,3,3,5,4,2,150
4,3,2,4,4,4,150
6,6,5,6,6,6,150
5,5,5,5,5,5,150
5,4,4,4,4,4,150
2,2,2,4,4,1,150
4,5,5,5,5,5,150
5,5,2,5,2,3,241
4,3,1,5,3,1,241
5,4,2,3,3,3,241
5,5,4,5,4,4,241
4,2,3,3,2,1,241
5,4,2,4,4,4,241
4,3,4,3,3,3,241
5,5,4,6,5,5,241
5,5,2,4,5,4,241
4,4,4,3,3,3,241
5,5,4,4,4,4,241
6,6,4,6,5,5,241
4,5,2,3,3,4,241
5,5,3,5,3,4,241
5,5,5,5,6,5,241
4,4,1,5,2,3,241
4,4,4,3,5,4,241
6,6,4,5,6,5,241
5,5,5,5,6,6,241
5,5,5,5,4,5,241
4,4,3,5,4,5,241
4,2,3,4,2,2,241
3,4,2,2,5,3,293
5,4,5,6,5,4,293
5,4,3,4,6,4,293
5,5,4,5,4,4,293
6,6,4,5,4,5,293
5,5,4,5,4,4,293
4,4,4,5,5,4,293
6,5,5,6,6,6,293
5,5,4,5,5,5,293
5,5,2,5,5,2,293
5,5,3,5,4,4,293
5,5,4,5,5,4,293
5,5,4,5,5,5,293
5,5,5,5,5,5,293
5,5,2,4,4,4,293
5,4,4,5,5,4,293
5,5,4,5,4,4,293
3,4,2,2,5,2,293
6,6,5,5,6,6,293
5,5,4,5,5,4,293
5,5,2,5,4,3,293
5,4,4,4,4,3,293
5,5,4,5,5,5,293
5,5,5,3,5,2,293
5,5,3,5,5,4,293
5,5,4,5,4,4,293
5,5,3,5,5,5,293
5,5,4,5,4,4,293
6,6,6,5,6,6,293
5,5,4,4,4,2,293
5,4,5,5,5,4,293
6,5,5,3,5,3,293
6,6,5,5,6,6,293
5,5,5,6,5,5,293
6,5,5,5,6,5,293
5,4,4,5,4,2,293
6,6,2,5,5,4,293
6,6,6,6,6,6,293
5,5,5,5,5,4,293
5,4,4,6,5,5,293
5,5,5,5,6,5,293
6,6,4,5,4,4,293
5,5,5,2,6,5,293
4,5,4,4,4,4,293
6,6,5,6,6,6,293
5,5,4,5,5,4,293
5,6,2,4,5,3,293
5,5,2,5,6,4,293
5,4,4,3,5,4,293
5,5,5,5,5,4,293
5,5,4,4,5,4,294
4,4,4,4,6,5,294
3,2,2,3,2,1,294
5,5,4,5,5,4,294
6,6,5,6,5,4,294
6,6,6,6,5,6,294
5,4,4,3,5,3,294
5,5,5,5,5,5,294
6,6,5,5,5,5,294
6,6,5,6,6,6,294
5,5,3,5,5,5,294
5,5,4,5,4,4,294
5,5,4,2,4,4,294
6,6,5,5,5,5,294
6,5,5,5,5,5,294
6,6,3,6,5,5,294
4,5,5,4,5,5,294
5,5,4,4,6,4,294
5,6,5,5,5,5,294
6,6,5,6,6,4,294
5,5,3,5,4,5,294
5,6,4,5,5,3,294
6,6,5,5,5,6,294
5,5,4,5,5,5,294
5,5,4,4,4,4,294
6,6,5,6,5,5,294
5,5,4,5,5,4,294
6,6,6,2,6,6,294
5,5,3,4,3,4,294
6,6,5,5,5,5,294
4,4,3,3,4,4,294
5,5,3,5,5,4,294
5,5,4,4,5,4,294
5,5,5,5,6,5,294
5,5,2,5,4,5,294
6,6,5,5,5,5,294
6,5,5,5,5,3,294
5,5,4,5,6,5,294
6,4,3,4,5,4,294
5,5,3,5,4,5,294
4,4,3,4,6,5,294
5,5,5,5,5,5,294
5,5,4,4,4,4,294
5,4,4,5,5,4,294
6,6,4,5,5,3,294
6,5,5,5,5,5,294
5,5,5,4,5,4,294
6,6,5,6,6,6,294
6,6,5,6,5,5,294
5,5,2,5,6,3,294
5,5,4,5,5,3,275
5,5,4,5,5,5,275
5,6,5,4,6,5,275
5,5,4,6,5,5,275
5,5,2,3,4,3,275
5,5,4,5,6,3,275
5,5,4,3,6,3,275
5,5,4,5,5,5,275
4,5,4,5,5,4,275
5,4,4,5,4,3,275
6,5,4,5,5,5,275
6,6,3,5,5,5,275
5,5,2,3,5,4,275
5,4,4,6,5,3,275
4,4,4,4,4,3,275
6,6,4,5,5,5,275
4,4,4,4,4,4,275
5,5,5,5,5,5,275
5,5,4,5,5,5,275
6,6,5,6,6,6,275
5,5,2,5,6,5,275
6,6,5,6,5,5,275
5,5,4,5,5,3,275
5,5,3,5,4,4,275
5,4,4,4,4,4,275
6,6,5,5,5,5,275
5,4,4,5,5,5,275
4,4,4,5,4,4,275
6,6,4,5,5,5,275
5,5,4,5,5,5,286
5,5,4,5,4,4,286
5,3,3,5,3,3,286
5,5,2,5,4,4,286
5,5,4,4,4,5,286
5,5,3,4,4,4,286
4,4,1,4,4,3,286
5,4,3,5,3,4,286
4,4,3,5,4,6,286
5,5,1,5,3,4,286
4,4,4,4,4,4,286
5,4,2,5,5,5,286
5,4,2,5,2,3,286
5,5,4,4,4,4,286
5,5,3,5,5,5,286
5,5,4,5,4,4,286
4,4,2,5,4,4,286
5,5,5,5,5,5,286
3,3,3,3,3,3,286
5,5,4,5,4,4,286
3,3,2,4,2,2,286
5,5,3,5,4,4,286
4,4,3,3,3,3,286
5,5,4,3,4,4,286
5,6,3,6,5,5,286
4,3,2,5,4,5,286
5,5,5,5,5,5,286
4,3,1,3,1,3,286
5,5,2,5,4,4,286
4,4,4,4,4,4,286
5,5,5,5,4,5,286
5,6,4,5,5,4,286
4,3,3,4,4,4,286
5,3,2,4,3,1,286
5,4,4,6,4,3,286
6,5,3,5,2,4,286
5,5,3,6,5,3,286
6,6,4,5,6,5,166
6,6,5,5,6,6,166
6,6,5,5,6,6,166
5,5,4,5,4,4,166
6,6,5,5,6,6,166
5,5,5,3,6,5,166
5,5,5,4,6,5,166
5,5,5,4,6,6,166
6,5,5,5,6,5,166
4,4,6,5,6,4,166
5,5,5,5,5,5,166
5,5,4,5,4,3,166
5,5,3,3,3,2,290
4,5,3,4,4,4,290
5,5,3,5,4,3,290
3,4,1,3,1,1,290
3,3,3,4,3,3,290
5,5,4,4,5,5,290
4,4,5,5,4,5,290
5,5,5,4,5,5,290
4,3,4,3,3,3,290
4,4,2,5,4,4,290
4,3,2,5,5,3,290
5,4,4,5,4,4,290
4,3,2,4,2,2,290
5,5,5,2,5,5,290
5,4,3,5,5,3,290
2,2,1,6,1,1,290
4,4,2,4,4,4,290
5,4,2,5,3,3,290
5,5,2,4,4,3,290
2,2,4,2,3,3,290
4,3,2,5,3,2,290
4,4,4,4,4,4,290
5,5,3,5,4,4,290
5,4,4,5,4,4,290
4,4,3,5,4,4,290
5,5,4,5,4,5,290
5,5,5,5,5,5,290
4,4,4,5,3,5,290
4,4,3,5,4,4,290
5,5,4,3,5,5,290
1,2,2,5,2,2,290
5,5,4,3,4,4,290
4,4,3,5,4,2,290
5,4,5,5,5,5,290
5,5,5,4,5,5,290
4,3,1,4,4,4,290
3,4,1,3,4,4,290
2,2,1,3,1,3,290
5,5,4,6,4,4,290
4,4,4,4,4,4,290
5,5,1,5,3,2,290
4,4,3,4,3,3,290
5,5,4,5,5,4,181
4,3,2,4,4,3,181
4,4,3,3,3,3,181
4,4,3,4,4,3,181
5,4,4,4,5,5,181
5,5,3,5,4,4,181
5,3,4,3,5,4,181
5,5,2,5,4,4,181
6,5,4,5,4,4,181
5,4,4,5,4,5,181
5,5,5,4,4,4,181
5,5,4,5,4,4,181
5,4,2,5,3,4,181
3,3,1,5,2,3,181
6,6,5,5,6,5,176
6,6,2,5,6,4,176
5,5,3,6,6,4,176
5,5,4,4,5,5,176
5,5,5,6,5,4,176
5,5,4,4,6,3,176
6,6,5,2,6,5,176
5,5,3,5,6,5,176
5,5,5,5,6,5,176
5,6,3,5,6,4,176
6,6,6,6,6,6,176
6,6,4,5,6,5,176
5,5,4,4,6,5,176
4,4,3,5,4,4,196
5,4,4,4,5,5,196
5,5,3,4,4,4,196
5,6,2,5,4,4,196
5,5,3,4,4,4,196
4,4,3,4,4,3,196
5,4,3,5,4,4,196
3,3,4,5,4,5,196
5,4,5,5,5,5,196
4,4,3,3,4,4,196
5,4,3,3,4,3,196
5,5,5,5,5,5,196
2,3,1,3,1,2,196
4,4,4,4,5,4,196
5,4,5,5,5,5,196
5,4,3,6,4,3,196
6,5,4,6,4,4,291
5,4,2,5,3,3,291
6,6,4,5,6,5,291
5,5,5,4,5,5,291
6,5,2,5,4,5,291
5,5,2,6,3,4,291
6,6,4,5,3,3,291
6,6,5,5,5,5,291
5,5,1,4,2,4,291
5,6,4,5,4,5,291
6,5,1,5,4,4,291
5,5,2,4,3,3,291
5,5,4,5,4,4,291
6,5,5,6,6,6,291
5,5,5,6,5,5,291
4,4,4,5,5,4,291
5,5,3,5,5,5,291
5,5,4,5,4,4,291
5,5,5,5,5,4,291
5,5,4,5,4,4,291
5,6,4,5,5,5,291
5,5,4,5,4,4,291
5,5,4,4,4,5,291
5,4,3,4,3,3,291
5,5,4,5,4,5,291
5,4,3,3,2,2,291
4,4,1,2,3,2,291
5,4,5,5,4,5,291
5,5,5,5,5,5,291
6,6,4,6,4,5,291
5,5,4,5,5,5,291
5,5,4,4,4,4,291
6,6,5,5,6,5,291
4,3,4,3,4,3,291
5,4,2,4,5,5,291
5,5,4,5,4,4,291
4,4,4,4,4,5,291
6,5,3,5,4,4,291
4,4,2,2,2,2,291
6,6,3,6,4,5,291
5,5,4,5,5,4,291
5,4,3,5,4,3,291
5,5,5,2,6,6,252
5,5,3,5,6,4,252
5,6,3,4,6,5,252
5,5,3,5,6,5,252
4,4,4,5,5,4,252
5,5,5,5,6,4,252
5,4,3,4,6,3,252
5,4,5,5,6,4,252
5,5,4,5,5,5,252
5,6,3,4,6,4,252
6,6,5,6,6,5,252
5,5,5,5,6,3,252
6,6,5,5,6,5,252
5,5,5,5,5,4,252
5,5,5,5,6,5,252
4,4,3,5,4,4,252
5,5,4,5,5,5,252
4,5,4,5,5,3,252
5,5,5,5,6,5,252
6,6,5,6,6,6,252
4,4,4,3,6,5,252
5,5,6,5,6,5,252
5,5,3,5,6,5,252
5,5,5,5,6,4,252
5,4,2,4,4,3,125
5,5,4,5,5,5,125
2,2,1,1,1,1,125
4,4,4,5,4,5,125
4,4,2,4,4,4,125
5,4,5,4,4,4,125
4,3,3,4,3,3,125
4,4,2,4,3,2,125
6,5,4,5,5,4,125
3,1,1,2,2,2,125
5,5,2,6,5,4,287
5,5,2,3,4,3,287
6,6,4,5,5,5,287
5,6,5,5,5,5,287
6,6,4,6,5,4,287
5,5,4,4,5,4,287
5,5,5,5,5,5,287
5,5,3,5,5,5,287
6,6,4,5,4,4,287
6,6,4,6,5,4,287
5,5,5,5,5,5,287
5,5,5,5,6,6,287
5,5,4,5,4,4,287
5,5,5,6,4,4,287
6,5,4,5,5,4,287
5,5,4,5,5,5,287
5,5,4,5,4,5,287
5,4,4,4,4,4,287
6,6,4,5,5,4,287
5,5,3,2,3,3,287
5,4,5,4,6,5,287
5,5,5,6,6,5,287
6,5,5,5,6,5,287
6,5,5,6,5,5,287
6,5,5,5,5,5,287
5,5,4,5,5,6,287
6,6,5,6,5,6,287
6,6,5,6,6,6,287
6,6,6,6,6,6,287
6,6,5,5,6,6,287
5,5,4,5,4,4,287
5,5,5,5,5,5,287
5,5,3,5,5,5,287
6,5,4,5,6,3,287
6,6,5,5,6,6,287
6,6,5,6,4,4,287
5,5,4,3,5,4,287
4,6,5,5,6,4,263
6,6,5,5,6,5,263
5,5,5,5,6,5,263
6,6,4,5,5,5,263
4,4,5,3,6,1,263
6,6,6,1,6,6,263
5,5,5,5,6,6,263
6,5,4,5,5,5,263
5,6,5,6,6,5,263
6,6,6,6,6,6,263
4,5,5,4,6,6,263
5,5,5,4,5,5,263
5,5,6,5,6,6,263
6,6,6,2,6,5,263
5,5,3,5,6,6,263
5,5,4,5,6,4,263
5,5,5,6,5,5,263
5,5,5,6,5,5,263
4,4,3,4,4,3,263
2,2,3,4,2,2,263
6,5,5,5,6,5,263
5,5,4,5,6,4,263
6,6,5,6,6,6,263
6,6,6,6,6,6,263
4,4,6,3,6,4,263
5,6,5,5,5,5,263
5,5,3,5,6,5,263
5,5,3,6,6,4,233
5,5,4,4,4,4,233
6,6,5,6,5,5,233
5,5,4,5,5,4,233
5,5,3,5,5,5,233
6,6,5,6,6,6,233
5,5,5,5,5,5,233
6,6,4,5,6,5,233
5,5,5,6,5,5,233
5,5,5,4,5,4,233
5,5,5,5,5,5,233
5,4,5,5,4,4,233
5,6,5,5,5,5,233
5,5,5,5,5,5,233
4,4,3,4,4,2,233
5,4,4,5,5,4,233
5,5,5,5,5,5,233
5,5,4,5,6,4,233
5,5,5,5,6,5,233
6,6,4,5,5,5,233
6,5,5,5,6,6,233
6,6,5,3,5,4,222
5,4,3,6,6,4,222
6,6,1,6,6,4,222
5,5,3,5,4,4,222
4,3,4,4,4,1,222
6,6,3,5,5,5,222
5,4,5,5,6,5,222
4,4,2,5,4,3,222
5,4,4,5,5,3,222
6,6,5,5,6,6,222
5,5,4,5,6,5,222
5,5,2,4,5,5,222
5,5,5,5,6,4,222
4,4,2,4,5,4,222
5,5,3,5,6,4,222
5,5,3,4,6,2,222
5,5,4,5,6,5,222
5,5,4,5,5,5,222
6,6,4,5,6,5,222
5,5,3,5,4,4,278
4,4,3,2,3,3,278
5,4,2,4,6,2,278
5,5,4,5,6,4,278
5,5,4,4,5,5,278
5,5,5,5,5,5,278
4,4,1,4,5,4,278
4,5,3,5,3,3,278
5,5,4,5,4,4,278
5,5,4,6,5,5,278
6,6,6,1,6,6,278
4,4,4,4,4,4,278
4,4,2,4,4,4,278
4,4,2,4,3,3,278
5,5,4,6,4,4,278
5,5,2,2,3,3,278
5,5,2,5,4,3,278
5,5,3,5,4,3,278
4,4,1,3,2,2,278
4,4,2,4,4,4,278
3,2,2,3,2,2,278
5,5,4,4,3,4,278
5,5,4,3,4,4,278
4,4,4,4,5,4,278
1,1,1,3,2,2,278
6,6,4,5,5,5,278
4,3,1,4,1,1,278
5,5,3,5,3,3,278
5,5,4,5,4,4,278
5,4,4,5,4,4,278
6,6,4,6,6,4,230
5,5,3,5,5,3,230
5,5,2,5,6,4,230
5,5,5,5,5,5,230
5,6,4,4,5,2,230
6,6,3,6,5,5,230
5,5,4,5,5,4,230
6,6,4,5,5,5,230
5,5,4,2,4,4,230
5,5,4,5,6,4,230
5,5,4,5,5,5,230
6,5,4,6,5,4,230
5,5,4,5,5,5,230
6,6,5,4,6,5,230
6,6,4,6,6,4,230
5,5,4,5,4,4,230
5,4,3,5,5,4,230
5,5,4,5,5,5,230
5,5,4,3,4,4,230
5,5,2,5,5,4,230
5,5,4,6,5,4,264
5,5,5,4,3,3,264
4,5,2,5,5,5,264
5,5,4,4,5,4,264
4,4,2,4,4,2,264
5,5,2,5,3,3,264
5,5,3,4,4,5,264
5,4,4,4,5,4,264
5,5,3,6,6,5,264
5,4,2,4,4,3,264
5,4,3,4,4,4,264
6,6,5,5,6,6,264
5,5,4,5,4,4,264
4,4,1,5,3,4,264
5,6,2,5,4,4,264
6,5,4,5,5,5,264
4,4,4,3,4,3,264
6,5,5,6,5,5,264
6,6,3,5,5,3,264
5,5,3,5,3,3,264
5,5,4,5,4,4,264
4,4,4,4,4,4,264
5,5,3,6,5,5,264
6,6,6,6,6,6,264
5,5,4,4,4,4,264
5,5,3,3,4,5,264
5,5,3,6,4,4,264
5,5,4,5,5,5,47
3,1,2,2,4,4,47
4,4,1,3,3,3,47
4,3,2,4,3,3,47
3,3,3,5,1,2,47
5,5,4,4,4,3,126
4,4,3,2,2,1,126
5,5,3,5,5,4,126
4,4,2,3,3,2,126
5,5,5,5,5,5,126
5,5,3,5,3,3,126
4,4,4,3,4,3,126
5,5,4,4,4,4,126
5,4,4,4,4,3,126
4,4,3,4,4,3,126
4,4,4,3,4,4,281
5,4,4,3,5,4,281
4,4,3,4,3,3,281
5,5,4,4,5,4,281
6,6,5,5,6,2,281
5,5,1,2,5,5,281
4,3,5,5,5,4,281
5,5,4,5,5,4,281
5,5,5,5,5,5,281
5,4,4,6,6,4,281
4,4,3,2,4,4,281
4,4,2,4,3,3,281
6,6,5,5,4,4,281
4,3,1,4,4,2,281
5,5,2,5,5,3,281
5,4,3,4,6,3,281
5,5,4,5,5,5,281
5,5,2,4,4,4,281
5,5,4,4,5,4,281
5,5,3,5,4,4,281
5,5,4,6,4,3,281
5,5,3,5,6,4,281
4,4,5,3,5,5,281
5,5,3,4,4,3,281
4,4,3,5,5,4,281
4,4,3,3,4,3,281
5,5,4,6,6,5,281
4,4,5,4,5,4,281
5,5,4,5,5,5,281
5,4,3,5,3,2,281
6,6,6,6,6,6,281
6,5,2,6,4,5,167
5,4,2,3,3,2,167
4,4,2,4,3,3,167
2,2,4,4,4,4,167
2,2,2,6,4,3,167
5,4,4,5,5,5,167
6,6,5,6,5,5,167
6,6,6,6,6,6,167
2,2,3,5,3,3,167
4,4,4,4,4,4,167
5,5,5,5,5,5,167
5,5,5,5,5,5,167
4,3,3,3,4,3,64
4,4,4,5,5,4,64
5,4,4,5,5,4,64
3,2,4,3,2,2,64
5,5,5,2,5,5,64
4,4,4,3,4,5,64
5,5,3,5,4,4,127
4,3,3,5,2,1,127
4,3,4,2,4,3,127
5,5,4,5,4,3,127
5,4,4,5,4,5,127
5,5,3,3,4,5,127
3,3,3,2,3,3,127
5,4,4,4,5,4,127
5,5,5,4,5,5,127
5,5,2,5,4,3,127
5,5,3,4,4,4,197
5,4,4,5,3,3,197
4,3,2,3,3,3,197
5,5,2,5,4,5,197
4,4,5,6,4,4,197
3,3,4,3,5,2,197
5,5,4,4,4,4,197
4,3,1,4,2,2,197
5,5,2,5,3,4,197
2,4,4,4,2,2,197
5,6,4,6,4,4,197
5,4,2,4,4,4,197
5,5,2,5,3,4,197
5,5,3,4,4,4,197
4,4,2,3,3,3,197
4,5,2,3,2,3,197
5,5,2,4,4,4,234
5,6,4,4,4,4,234
5,5,4,4,4,4,234
5,5,2,2,4,3,234
5,5,2,5,3,3,234
6,6,4,5,4,4,234
5,5,5,5,5,5,234
5,5,3,4,4,3,234
5,5,4,5,5,5,234
5,5,2,2,4,2,234
5,5,4,4,4,4,234
5,5,3,6,4,4,234
5,5,5,5,5,5,234
5,5,4,5,4,4,234
5,6,5,6,5,5,234
5,5,4,3,4,4,234
6,6,4,5,5,4,234
5,5,3,5,4,5,234
6,5,5,5,5,5,234
6,6,4,6,5,5,234
5,4,2,5,3,3,234
5,5,4,5,4,3,223
4,4,2,3,2,2,223
5,5,4,4,4,4,223
5,5,3,5,4,4,223
5,5,3,3,3,3,223
5,5,4,5,5,5,223
4,5,3,3,5,4,223
6,6,5,5,5,5,223
5,5,4,5,5,5,223
5,5,4,5,5,5,223
5,5,4,6,4,4,223
4,5,4,5,4,3,223
5,5,4,5,5,5,223
5,5,5,5,5,5,223
5,5,4,5,4,4,223
5,5,5,5,5,5,223
5,5,5,2,5,5,223
5,4,4,5,4,4,223
5,5,4,4,4,4,223
5,5,4,5,6,6,198
4,4,2,3,3,3,198
4,3,1,3,1,1,198
4,3,3,4,2,1,198
4,3,2,4,2,2,198
5,5,3,4,4,4,198
5,4,4,4,2,3,198
4,4,4,4,3,3,198
5,4,4,5,4,4,198
4,4,2,5,2,2,198
5,5,5,5,5,5,198
5,5,2,5,3,4,198
3,3,2,3,3,2,198
5,4,5,6,5,5,198
5,5,5,5,5,5,198
4,4,2,3,4,3,198
4,4,2,6,2,2,89
5,5,4,5,4,4,89
5,2,5,3,5,5,89
4,3,2,4,1,2,89
4,4,4,4,4,4,89
5,5,6,6,6,5,89
2,3,4,4,4,3,89
5,5,5,6,6,6,89
4,4,3,4,4,5,168
6,5,4,5,4,4,168
4,2,2,2,4,4,168
4,4,2,4,4,3,168
5,4,3,4,4,4,168
5,5,3,5,4,4,168
5,5,4,5,4,5,168
5,5,4,4,4,4,168
4,4,4,5,4,4,168
3,2,4,5,4,3,168
5,5,4,5,5,4,168
4,4,4,4,4,3,168
3,3,2,4,3,3,265
5,3,4,4,4,4,265
5,4,4,4,5,5,265
4,3,2,4,3,3,265
4,4,2,4,4,3,265
5,5,5,5,5,4,265
5,5,2,4,3,4,265
5,4,3,4,4,4,265
2,2,4,2,1,1,265
4,3,4,5,4,3,265
4,4,2,6,4,4,265
3,2,1,3,4,4,265
3,2,4,3,4,3,265
4,2,4,3,3,3,265
5,5,4,5,4,4,265
6,5,2,4,3,3,265
4,3,1,3,3,2,265
2,2,1,2,4,2,265
4,4,3,4,3,3,265
4,4,1,5,4,4,265
3,3,2,3,2,2,265
4,3,2,5,4,4,265
6,5,4,5,4,5,265
5,5,4,6,4,4,265
5,4,5,5,5,5,265
5,4,5,5,4,4,265
5,5,4,6,4,4,265
5,5,3,5,3,2,48
6,6,5,6,6,5,48
5,5,4,5,5,4,48
4,4,1,5,3,3,48
4,5,5,5,5,5,48
3,3,2,3,2,2,128
4,2,4,3,4,3,128
2,2,3,4,3,1,128
5,5,4,4,4,4,128
5,5,5,5,5,5,128
5,4,4,5,4,4,128
5,5,3,3,4,4,128
2,1,5,4,3,2,128
3,3,4,5,5,5,128
5,5,3,2,4,4,128
4,4,4,4,4,3,288
5,4,5,5,4,4,288
4,4,5,5,4,4,288
2,2,4,3,1,2,288
5,5,5,5,5,5,288
5,4,4,4,5,5,288
3,3,3,4,4,4,288
5,4,5,5,4,4,288
4,3,4,3,4,4,288
5,4,4,4,4,4,288
4,4,4,4,5,4,288
5,5,4,3,3,4,288
4,4,3,5,4,4,288
4,4,4,5,4,3,288
5,5,2,5,5,5,288
5,5,3,5,5,5,288
5,5,2,5,2,4,288
5,5,3,5,3,3,288
5,5,5,5,5,5,288
4,4,2,4,4,3,288
5,5,4,5,4,4,288
3,3,5,2,3,5,288
5,3,2,5,5,5,288
5,5,4,4,5,4,288
5,5,5,4,5,5,288
5,5,4,5,4,5,288
5,4,1,5,2,2,288
3,3,3,3,3,3,288
5,5,3,5,3,3,288
6,5,4,5,5,4,288
5,5,5,6,6,5,288
5,5,4,5,5,6,288
4,3,5,3,4,4,288
4,4,4,5,4,4,288
4,4,3,3,3,3,288
4,4,3,3,3,2,288
5,4,2,6,3,2,288
5,5,4,3,5,5,244
6,6,5,5,6,5,244
6,5,4,5,6,4,244
5,5,4,5,4,4,244
5,5,4,4,6,4,244
5,6,5,3,5,5,244
6,6,4,4,6,4,244
5,6,5,6,4,4,244
5,5,4,5,5,4,244
5,5,5,5,5,5,244
6,6,5,5,6,5,244
6,6,5,6,5,5,244
5,5,5,6,5,5,244
5,4,5,5,5,4,244
4,4,2,3,2,2,244
4,4,2,5,4,3,244
5,6,4,6,6,5,244
5,6,4,5,5,4,244
5,5,3,5,4,4,244
6,6,5,6,6,5,244
5,5,5,5,5,5,244
5,5,4,5,5,5,244
1,1,5,1,6,6,244
6,6,4,6,5,5,242
5,4,2,5,3,2,242
5,4,4,5,4,3,242
6,5,4,5,4,4,242
5,4,3,5,3,3,242
1,1,5,2,5,5,242
5,5,4,5,4,4,242
5,5,4,4,5,5,242
5,5,4,4,4,4,242
5,6,4,5,5,5,242
5,5,4,5,5,5,242
3,4,1,4,2,4,242
5,5,4,6,5,5,242
4,4,4,4,4,4,242
5,5,4,4,5,5,242
4,4,4,5,4,4,242
5,5,4,3,5,5,242
5,4,2,3,3,3,242
5,5,3,3,4,4,242
5,6,4,5,4,4,242
6,5,5,6,5,5,242
5,4,3,4,4,4,242
5,4,1,4,1,1,79
3,3,3,3,3,4,79
6,5,4,5,4,4,79
5,5,3,3,4,4,79
5,4,2,5,4,4,79
4,3,3,4,4,3,79
5,5,3,3,4,4,79
6,5,5,6,6,6,266
5,5,4,5,5,4,266
5,5,4,5,4,4,266
5,5,5,5,5,5,266
4,5,4,5,4,4,266
5,5,3,4,4,4,266
5,4,4,5,5,4,266
5,5,5,5,5,5,266
5,5,5,5,5,4,266
6,6,4,6,6,6,266
6,6,4,6,5,5,266
5,5,4,4,5,3,266
5,5,4,5,4,4,266
5,5,5,3,6,4,266
6,6,5,5,5,6,266
5,5,2,3,4,2,266
5,5,4,4,4,4,266
6,5,6,6,6,6,266
5,5,4,5,6,5,266
5,5,4,5,5,5,266
5,5,4,5,5,4,266
5,5,2,5,5,3,266
5,5,5,5,5,5,266
6,6,5,6,5,5,266
5,5,4,5,5,4,266
5,5,2,6,5,5,266
5,5,4,5,4,4,266
5,5,4,5,5,4,214
6,6,5,5,6,4,214
6,6,4,5,5,5,214
5,5,5,5,5,5,214
4,4,4,5,4,3,214
5,4,4,4,4,3,214
5,4,5,5,4,4,214
5,5,5,5,5,5,214
6,6,5,3,5,6,214
5,5,5,5,4,4,214
5,5,5,5,5,5,214
5,5,5,6,5,4,214
6,6,3,5,5,5,214
5,4,4,5,6,4,214
6,5,5,5,5,5,214
5,4,4,5,4,3,214
5,5,4,4,5,4,214
6,6,6,6,6,5,214
5,5,4,4,4,4,276
5,5,5,5,5,5,276
5,5,3,5,4,4,276
5,5,4,4,4,4,276
5,5,5,4,5,4,276
5,5,4,5,4,4,276
5,5,4,4,4,3,276
5,5,4,5,5,4,276
5,5,4,3,4,4,276
5,5,5,5,5,5,276
5,5,5,5,4,4,276
6,4,4,6,5,4,276
5,5,5,5,6,5,276
6,6,5,5,6,5,276
5,5,4,6,4,4,276
5,5,5,6,5,5,276
5,5,5,5,5,5,276
5,5,4,4,5,5,276
5,6,2,4,6,5,276
5,4,3,4,5,4,276
5,4,2,4,4,4,276
5,5,4,4,4,4,276
5,5,5,5,5,5,276
5,5,4,4,4,4,276
5,5,4,5,6,5,276
5,5,2,5,5,3,276
5,5,5,5,6,5,276
6,6,4,5,6,5,276
3,4,3,4,4,4,276
6,6,5,6,6,5,279
6,6,5,6,6,6,279
6,6,4,5,6,4,279
4,4,5,4,6,4,279
5,5,5,3,4,4,279
6,6,5,6,6,5,279
6,6,5,6,6,5,279
6,6,5,6,6,6,279
6,6,6,6,6,6,279
5,5,5,5,6,6,279
6,6,5,5,6,5,279
5,5,5,5,5,5,279
6,6,5,5,6,5,279
5,5,5,5,6,5,279
5,6,6,6,6,5,279
4,5,5,3,6,3,279
6,6,5,6,6,5,279
5,5,4,5,5,5,279
6,6,4,6,6,5,279
5,6,4,4,6,4,279
6,5,5,5,5,4,279
4,5,5,2,4,3,279
5,5,5,5,5,5,279
5,5,4,6,6,4,279
6,6,5,6,6,4,279
5,5,5,5,6,5,279
5,5,2,4,5,4,279
5,5,6,5,6,5,279
5,6,5,5,5,4,279
6,6,6,5,6,5,279
2,4,1,2,1,1,277
5,5,3,5,5,5,277
5,5,4,4,4,4,277
2,2,2,2,2,2,277
2,2,1,2,1,1,277
5,5,3,4,4,5,277
3,3,2,2,2,2,277
2,3,2,4,2,3,277
2,3,1,1,2,1,277
2,2,2,2,2,1,277
4,4,2,4,4,1,277
3,2,1,4,3,2,277
5,5,4,2,4,4,277
5,4,1,2,3,4,277
4,4,4,3,4,4,277
3,2,2,3,2,2,277
4,4,3,3,3,3,277
5,4,3,3,4,5,277
5,5,2,2,5,5,277
5,5,5,2,5,5,277
6,6,5,5,5,5,277
4,4,2,3,2,2,277
4,4,1,4,2,2,277
4,4,5,4,5,5,277
4,4,3,5,4,4,277
2,2,1,2,2,1,277
5,5,5,5,5,5,277
4,3,2,3,4,3,277
4,4,2,4,4,4,277
6,5,4,6,6,5,65
5,5,4,5,4,4,65
5,4,3,5,4,4,65
5,5,2,5,5,5,65
5,5,4,5,4,4,65
4,4,4,4,4,4,65
5,4,4,4,4,4,90
5,4,4,4,5,3,90
5,5,4,4,4,3,90
5,5,4,3,4,5,90
4,4,2,5,4,3,90
5,5,4,6,6,5,90
4,4,5,5,5,5,90
4,4,3,3,3,3,90
5,5,2,4,3,3,231
5,5,3,5,4,4,231
5,5,3,5,4,4,231
5,4,3,4,4,4,231
5,4,2,3,3,3,231
3,3,1,4,3,3,231
5,4,2,5,3,2,231
4,4,3,5,3,4,231
5,5,4,5,5,5,231
5,5,3,5,5,4,231
5,5,1,5,4,4,231
5,5,2,5,3,3,231
5,5,3,4,3,2,231
5,5,4,5,5,5,231
5,5,2,6,4,4,231
5,5,4,5,4,4,231
5,5,4,5,4,4,231
4,4,4,5,4,4,231
5,5,3,4,3,3,231
6,5,4,3,4,4,231
5,5,3,6,4,5,224
5,6,4,6,5,5,224
5,5,1,5,3,3,224
5,4,4,3,3,3,224
5,5,2,6,2,2,224
6,5,3,2,3,3,224
4,4,2,4,3,3,224
3,4,1,4,1,1,224
4,4,1,5,2,1,224
5,5,4,4,5,5,224
5,4,2,5,2,2,224
3,3,2,3,2,2,224
5,5,2,4,4,4,224
5,4,2,5,5,2,224
5,4,4,3,4,5,224
4,4,3,4,5,3,224
4,5,4,5,4,4,224
3,3,3,4,3,3,224
5,4,4,5,5,4,224
5,5,3,5,4,2,259
5,5,2,5,4,3,259
3,3,4,3,4,3,259
4,4,1,2,3,2,259
4,3,2,4,3,4,259
6,6,3,6,3,2,259
5,5,4,4,4,3,259
5,4,3,3,4,4,259
5,4,4,5,4,4,259
5,4,2,3,3,3,259
5,5,4,4,5,5,259
5,5,4,3,5,3,259
5,4,3,3,3,3,259
5,5,1,4,2,2,259
4,4,2,4,3,3,259
5,5,4,4,4,4,259
6,6,4,6,3,4,259
5,5,4,5,4,3,259
3,3,2,3,3,2,259
5,5,3,5,4,3,259
5,5,3,5,3,3,259
4,4,2,3,2,2,259
4,4,3,2,3,3,259
5,5,4,5,4,4,259
5,5,5,5,5,5,259
5,4,4,2,4,4,259
4,3,3,5,3,3,151
5,6,4,6,4,4,151
2,2,4,3,4,4,151
5,5,4,5,4,4,151
4,4,4,4,4,4,151
4,4,4,4,4,4,151
5,5,3,5,4,4,151
4,4,4,4,4,3,151
3,3,3,3,3,3,151
5,5,5,5,5,5,151
4,4,2,4,3,2,151
5,4,4,3,4,4,49
5,5,3,5,3,3,49
4,4,2,3,2,3,49
5,5,2,5,3,3,49
5,5,4,4,4,5,49
5,5,3,5,5,5,129
4,4,4,4,5,4,129
5,4,5,4,5,4,129
4,5,5,3,5,5,129
3,3,3,3,2,2,129
6,4,5,5,5,4,129
5,5,4,3,3,4,129
5,5,2,5,6,6,129
5,4,4,5,5,4,129
5,5,4,5,5,5,129
5,4,4,5,4,4,182
5,5,4,5,5,5,182
5,5,4,5,5,5,182
5,5,3,5,4,4,182
6,6,4,5,4,4,182
5,5,3,6,4,4,182
5,5,3,5,4,5,182
5,5,4,6,4,3,182
5,5,4,5,4,4,182
6,6,5,6,6,6,182
4,4,1,3,3,3,182
5,5,5,5,5,5,182
5,5,5,5,5,5,182
5,4,3,5,3,4,182
5,5,4,5,5,5,190
3,4,3,3,4,4,190
5,5,4,3,5,5,190
6,6,4,6,6,6,190
5,5,5,5,5,5,190
5,6,5,5,5,5,190
5,4,4,6,4,4,190
3,3,4,2,4,3,190
5,5,4,4,5,5,190
5,4,4,3,5,5,190
5,4,3,5,1,2,190
5,5,5,5,5,5,190
4,4,4,4,4,4,190
5,5,5,5,5,4,190
5,5,5,3,5,4,190
5,5,3,3,5,4,208
2,2,4,4,5,2,208
5,4,4,5,4,3,208
5,5,4,5,3,3,208
6,6,4,6,4,4,208
6,6,4,4,4,4,208
4,4,4,5,4,4,208
5,5,4,4,3,3,208
5,5,4,6,4,4,208
5,6,5,5,5,4,208
5,5,4,5,5,5,208
5,5,5,5,5,5,208
4,4,2,4,4,3,208
5,5,4,5,4,4,208
5,4,4,5,4,4,208
5,5,4,5,4,4,208
3,4,2,3,3,3,208
5,5,5,4,4,4,267
5,4,4,5,4,4,267
4,4,3,3,3,4,267
5,4,3,5,4,4,267
5,5,4,5,4,4,267
4,3,4,4,5,5,267
4,4,1,3,3,4,267
4,3,4,4,4,4,267
5,5,4,5,5,4,267
5,5,4,3,5,5,267
2,2,3,2,3,3,267
4,4,2,4,4,4,267
5,4,4,3,4,4,267
4,4,4,4,3,4,267
5,5,5,4,4,5,267
5,5,3,5,4,3,267
5,4,4,3,3,3,267
5,5,4,5,4,5,267
5,4,4,4,4,5,267
4,2,2,3,2,2,267
4,4,4,4,5,4,267
5,4,2,5,4,4,267
5,5,3,3,5,5,267
5,4,3,4,4,4,267
5,6,3,4,3,3,267
4,3,3,4,3,2,267
5,5,4,3,5,5,267
6,6,5,4,5,5,50
3,1,3,3,3,2,50
6,6,6,6,6,6,50
5,5,3,3,5,5,50
5,5,4,5,5,5,50
5,5,3,5,5,4,66
4,5,1,1,6,4,66
6,6,5,5,5,5,66
5,5,5,5,5,5,66
6,6,5,6,6,4,66
5,5,5,5,4,4,66
4,4,2,3,3,3,152
5,5,4,3,5,5,152
6,6,5,6,6,6,152
4,5,3,6,3,4,152
6,6,6,6,6,6,152
5,5,4,6,4,4,152
5,5,4,5,4,4,152
5,6,2,6,3,4,152
6,5,2,3,4,4,152
5,5,4,5,4,4,152
5,5,4,4,5,5,152
6,4,6,5,6,5,199
6,6,5,6,6,5,199
5,5,3,4,6,5,199
5,5,3,4,5,3,199
5,5,4,4,5,5,199
5,5,4,5,6,5,199
5,5,2,5,5,4,199
4,4,3,3,5,3,199
6,6,1,5,3,3,199
5,4,3,5,4,4,199
4,4,4,5,6,3,199
5,4,1,5,5,4,199
5,5,4,4,5,5,199
5,5,3,6,5,5,199
5,5,5,5,6,6,199
5,5,4,5,5,4,199
5,4,5,3,5,4,269
6,6,4,2,6,5,269
3,4,4,3,5,4,269
5,4,1,5,4,4,269
5,5,2,4,3,3,269
4,3,5,4,5,5,269
5,5,3,3,5,5,269
5,5,4,5,5,5,269
5,4,1,4,5,1,269
3,3,3,5,4,2,269
6,6,5,6,5,5,269
4,3,4,3,4,3,269
5,4,3,4,5,5,269
4,4,1,4,1,4,269
5,5,4,4,5,4,269
2,3,1,2,2,2,269
3,4,3,3,4,4,269
5,4,4,5,5,5,269
5,5,4,2,5,5,269
4,4,3,5,4,4,269
5,5,3,5,6,4,269
4,4,2,4,6,1,269
5,5,4,4,4,4,269
3,4,2,3,3,3,269
5,5,2,5,5,4,269
5,4,2,5,3,2,269
6,6,2,6,6,4,269
5,5,5,3,5,4,269
6,5,3,5,5,5,183
4,3,5,3,6,2,183
4,5,4,2,5,5,183
5,5,2,5,3,3,183
3,3,2,3,4,3,183
5,5,3,4,4,4,183
6,6,5,5,6,6,183
4,3,3,4,4,4,183
4,5,4,5,4,5,183
3,3,5,2,4,3,183
5,5,5,5,5,5,183
6,6,4,6,6,5,183
5,4,4,5,5,5,183
4,4,1,4,4,3,183
5,5,4,6,4,5,225
6,6,5,6,6,5,225
5,5,4,5,6,5,225
5,5,4,4,5,4,225
6,6,5,5,6,6,225
5,5,4,5,5,5,225
5,5,4,5,6,4,225
6,6,5,6,5,5,225
6,6,6,1,6,6,225
6,6,4,3,5,4,225
5,4,3,5,5,4,225
6,6,5,6,6,6,225
5,4,3,3,4,4,225
3,3,2,4,2,1,225
6,6,4,4,5,5,225
4,5,3,3,4,4,225
6,6,5,5,5,5,225
5,5,2,4,6,5,225
5,5,3,5,6,4,225
6,5,5,5,5,5,245
6,6,5,6,6,6,245
5,5,4,3,6,3,245
6,5,5,5,6,4,245
5,5,5,5,5,5,245
5,5,5,5,6,5,245
5,5,4,5,6,5,245
5,5,5,6,6,5,245
5,5,5,5,5,5,245
5,6,5,5,6,6,245
5,6,5,5,5,4,245
5,5,3,4,5,3,245
5,5,4,4,4,4,245
6,6,5,6,6,4,245
5,5,4,4,5,4,245
5,4,4,5,5,4,245
6,6,4,5,5,5,245
5,5,5,5,5,5,245
5,5,4,4,5,4,245
6,6,5,6,6,5,245
6,6,5,6,6,6,245
5,5,2,5,6,2,245
5,6,5,4,6,4,245
4,3,2,5,4,3,130
5,5,4,5,4,4,130
5,4,1,4,2,2,130
5,5,4,5,6,5,130
5,5,4,5,5,4,130
5,4,3,4,4,4,130
5,6,5,5,5,5,130
6,6,3,5,5,5,130
5,5,4,5,5,5,130
5,5,3,5,5,4,130
6,6,4,5,6,6,191
5,6,1,4,6,4,191
6,5,5,6,6,5,191
6,5,2,5,4,4,191
5,2,4,4,5,5,191
4,4,3,3,4,4,191
6,6,4,2,5,5,191
6,6,5,4,4,4,191
4,4,2,4,4,4,191
5,5,1,5,5,5,191
5,5,4,5,5,4,191
4,4,3,3,3,2,191
4,3,4,3,4,3,191
5,5,4,6,5,5,191
5,5,4,5,5,5,191
3,2,3,3,6,3,105
5,5,4,5,4,4,105
5,5,5,5,5,4,105
6,6,4,6,5,5,105
6,6,4,5,5,4,105
6,5,5,5,5,5,105
5,4,1,5,5,3,105
6,6,4,6,6,5,105
5,5,4,5,4,4,105
5,6,4,5,5,5,282
5,5,4,4,4,4,282
6,6,4,5,5,5,282
5,6,5,4,6,5,282
5,5,4,4,6,5,282
6,6,5,5,6,5,282
5,5,3,5,6,4,282
6,6,5,5,6,5,282
5,5,4,6,6,5,282
6,6,3,5,5,3,282
1,1,1,3,1,1,282
6,6,5,5,5,5,282
5,4,3,5,4,3,282
5,5,5,5,5,5,282
5,5,4,6,6,4,282
5,5,4,4,5,5,282
5,5,5,5,6,5,282
6,5,5,5,6,5,282
5,5,4,4,5,5,282
5,5,5,5,5,5,282
6,6,4,5,5,5,282
6,6,5,6,6,6,282
6,6,4,5,6,5,282
6,6,5,6,6,6,282
5,5,4,5,6,4,282
6,6,5,5,5,5,282
5,5,3,5,4,4,282
6,6,5,6,6,5,282
5,5,4,5,6,4,282
5,5,4,5,6,4,282
5,5,3,5,4,3,282
5,4,4,5,4,4,232
5,5,4,5,5,4,232
4,4,3,5,4,4,232
5,5,2,4,3,3,232
5,5,4,3,6,5,232
5,5,2,5,4,5,232
4,4,4,5,5,4,232
4,4,3,4,4,3,232
5,5,5,5,5,5,232
5,5,3,4,5,4,232
5,5,4,5,4,4,232
5,5,5,5,5,5,232
5,5,4,5,4,2,232
6,6,5,5,5,5,232
5,4,4,4,4,4,232
5,5,5,5,5,5,232
5,5,5,5,5,4,232
6,2,4,5,4,4,232
5,5,4,4,5,4,232
5,5,4,5,5,5,232
4,4,3,5,6,2,153
5,5,3,5,4,4,153
5,5,2,5,5,4,153
6,6,5,6,6,6,153
5,5,4,5,6,5,153
6,6,3,6,6,5,153
4,5,3,5,5,4,153
6,6,3,6,6,5,153
5,5,5,5,5,5,153
4,4,4,4,6,4,153
5,5,4,5,5,6,153
6,6,3,5,5,5,215
4,3,4,6,4,3,215
5,4,4,5,4,4,215
4,3,1,5,4,1,215
3,3,3,3,3,3,215
4,4,3,5,3,3,215
4,3,3,4,4,4,215
5,3,4,4,4,4,215
5,5,4,3,4,2,215
5,4,4,4,4,4,215
4,4,2,5,3,2,215
4,2,2,4,2,2,215
5,6,5,1,5,5,215
5,4,2,4,4,4,215
5,6,4,5,5,5,215
5,5,3,4,4,4,215
5,4,2,3,3,3,215
5,4,4,4,4,4,215
4,4,4,4,3,4,154
5,4,3,5,4,4,154
2,1,2,3,3,2,154
3,3,2,4,4,1,154
1,1,4,1,3,1,154
3,3,3,3,5,2,154
5,3,3,3,3,3,154
2,2,2,2,2,2,154
3,4,6,2,4,4,154
2,2,4,3,3,3,154
3,3,3,4,3,3,154
3,3,3,2,3,3,106
4,3,2,4,4,2,106
6,6,4,6,5,5,106
4,3,4,5,4,4,106
4,4,3,2,4,4,106
2,2,5,3,4,3,106
3,3,3,3,3,3,106
4,4,2,3,2,3,106
4,4,2,2,5,2,106
5,4,4,5,4,4,235
6,5,4,5,4,4,235
5,6,5,4,5,5,235
6,6,4,6,5,5,235
6,6,4,5,4,4,235
5,5,5,5,5,4,235
5,5,4,4,4,4,235
6,5,4,5,6,5,235
6,5,4,5,5,4,235
5,5,4,5,4,4,235
6,6,4,6,4,4,235
6,6,4,5,4,4,235
6,6,4,5,5,5,235
5,5,3,5,5,5,235
5,5,4,4,5,4,235
6,6,1,4,4,3,235
6,6,4,6,4,4,235
4,4,1,4,2,2,235
5,5,2,5,4,4,235
5,6,4,5,5,4,235
5,5,4,4,5,4,235
4,4,4,3,3,3,80
5,5,4,5,5,5,80
5,5,5,5,4,4,80
4,4,2,2,3,3,80
4,4,1,4,1,1,80
5,5,2,3,4,3,80
5,5,5,5,5,5,80
5,4,1,5,1,1,107
5,5,3,5,4,4,107
5,5,4,4,4,4,107
5,6,5,4,5,5,107
5,5,5,5,4,3,107
5,5,4,4,4,4,107
5,5,2,3,2,2,107
4,3,2,3,3,2,107
5,5,4,4,4,4,107
5,4,5,5,3,2,131
5,4,3,3,3,3,131
6,5,4,5,5,4,131
5,4,4,4,4,3,131
4,4,3,4,3,3,131
5,4,3,5,4,4,131
3,4,3,4,3,3,131
5,3,3,5,5,5,131
4,4,4,5,5,1,131
5,5,4,4,4,5,131
4,5,4,3,4,3,155
6,6,2,4,4,4,155
5,5,3,5,4,4,155
5,5,2,5,5,5,155
5,5,3,5,5,3,155
5,5,5,5,5,5,155
5,5,4,5,4,4,155
5,5,5,2,5,5,155
6,6,4,3,4,4,155
5,5,5,5,4,5,155
5,6,4,5,5,5,155
3,2,2,4,2,2,91
4,2,3,3,4,2,91
3,2,1,4,3,1,91
4,2,2,3,2,2,91
5,4,3,5,4,3,91
5,4,4,4,3,3,91
4,3,4,4,4,2,91
4,3,2,3,1,1,91
5,4,2,3,3,2,253
5,5,4,3,4,4,253
5,4,4,4,4,4,253
4,4,4,5,4,3,253
5,5,4,5,5,5,253
4,3,3,4,3,3,253
5,5,5,3,3,3,253
4,3,2,3,2,2,253
4,4,2,5,4,4,253
5,5,3,5,5,5,253
5,5,2,5,4,4,253
5,5,4,5,5,5,253
5,5,4,4,4,5,253
5,4,3,5,4,4,253
4,4,3,4,4,3,253
5,5,4,5,5,5,253
5,5,3,2,4,3,253
4,4,2,3,3,1,253
5,5,2,5,4,3,253
5,5,3,5,4,4,253
4,4,4,5,4,4,253
4,3,2,5,3,4,253
4,4,4,5,4,4,253
5,5,5,3,5,5,253
5,5,5,5,5,5,169
4,4,2,4,3,3,169
4,5,4,4,4,4,169
5,6,5,5,5,5,169
5,5,4,4,5,5,169
5,4,4,5,4,4,169
4,4,3,5,4,4,169
6,6,5,5,5,5,169
3,4,4,5,4,3,169
4,4,2,4,2,2,169
6,6,5,5,6,6,169
5,5,3,5,5,3,169
5,5,4,4,4,4,51
4,5,4,5,5,5,51
5,5,4,3,4,4,51
4,3,3,3,2,2,51
4,4,4,4,4,4,51
6,6,4,6,5,5,246
4,5,1,3,4,5,246
6,6,5,6,4,4,246
5,5,3,5,5,4,246
5,5,2,2,4,3,246
5,4,4,5,5,4,246
5,4,4,4,4,4,246
5,5,3,5,4,4,246
5,5,4,3,3,2,246
5,5,3,5,3,3,246
5,5,5,5,5,4,246
4,4,3,3,4,4,246
5,5,5,4,5,5,246
2,2,5,2,3,4,246
5,4,4,5,4,3,246
4,4,4,5,5,4,246
5,5,4,4,4,4,246
5,5,4,5,4,4,246
5,5,4,4,5,5,246
6,6,4,5,6,6,246
5,4,5,3,4,4,246
5,5,4,3,4,4,246
5,6,4,2,4,2,246
5,4,1,1,2,1,236
5,6,4,5,4,3,236
6,6,5,6,6,6,236
6,6,5,6,6,6,236
5,5,4,5,6,6,236
5,5,2,6,6,4,236
6,6,5,6,6,6,236
5,5,5,4,5,5,236
4,4,3,4,4,4,236
5,4,5,5,6,5,236
6,6,3,5,5,4,236
6,6,5,6,6,6,236
4,4,4,3,4,4,236
6,6,4,6,5,5,236
5,5,4,5,5,5,236
5,4,5,5,5,5,236
6,6,5,6,5,5,236
6,5,4,5,4,4,236
5,5,5,5,5,5,236
5,5,5,5,4,4,236
6,6,4,5,4,4,236
4,5,5,5,4,4,270
6,6,5,5,6,5,270
5,5,5,4,5,3,270
5,5,5,4,5,5,270
6,5,4,5,6,6,270
5,5,3,5,4,4,270
6,6,6,6,6,6,270
5,5,4,4,5,5,270
5,5,4,5,5,5,270
6,6,4,5,6,5,270
4,4,2,4,4,3,270
5,5,5,5,5,5,270
5,5,4,5,5,4,270
6,6,4,2,5,5,270
6,6,5,5,5,5,270
6,5,5,5,6,5,270
5,5,5,5,6,5,270
6,6,6,6,6,6,270
4,4,3,3,4,4,270
6,6,4,6,6,3,270
4,3,4,4,6,3,270
5,5,4,3,6,4,270
5,5,1,4,5,1,270
5,5,6,6,6,6,270
5,5,4,5,6,5,270
5,5,6,6,6,5,270
5,5,4,5,5,5,270
5,4,3,5,5,4,270
5,5,4,5,5,5,271
5,4,2,5,4,4,271
6,6,3,3,4,4,271
6,6,4,6,4,4,271
5,4,4,5,4,4,271
6,6,4,5,5,5,271
5,5,4,5,4,4,271
5,5,1,5,4,5,271
6,4,5,5,5,5,271
6,5,1,5,4,3,271
5,5,4,5,5,4,271
5,5,2,6,4,6,271
4,4,3,4,4,4,271
5,5,4,5,4,4,271
5,4,2,3,2,4,271
5,5,4,5,3,3,271
5,5,5,2,4,4,271
6,6,4,5,4,5,271
5,5,2,5,3,3,271
5,5,4,5,5,5,271
5,5,4,6,4,4,271
6,6,4,6,4,4,271
5,4,3,5,2,3,271
5,4,3,4,3,4,271
5,5,3,5,5,5,271
6,6,4,6,6,6,271
5,5,5,5,5,5,271
4,4,5,5,5,5,271
5,5,4,5,4,4,108
5,5,4,5,4,4,108
6,6,4,6,5,4,108
5,6,3,6,3,3,108
5,5,5,6,4,5,108
5,5,4,4,6,5,108
5,5,5,5,5,5,108
4,4,3,1,2,4,108
5,5,4,5,4,4,108
5,5,5,5,5,5,92
4,3,4,2,3,3,92
5,4,5,4,4,4,92
4,4,2,4,4,3,92
5,5,4,5,4,5,92
3,4,4,3,3,4,92
4,4,4,3,4,4,92
4,4,2,4,3,2,92
5,4,4,4,4,4,132
5,5,4,5,5,5,132
5,5,4,5,4,4,132
5,5,5,5,4,5,132
6,6,5,5,5,5,132
5,5,3,5,6,3,132
5,5,3,4,4,3,132
6,5,5,6,5,5,132
5,4,1,3,3,3,132
5,5,2,5,4,4,132
5,4,3,4,5,4,93
4,4,4,4,4,4,93
5,5,5,5,5,5,93
6,6,4,5,6,4,93
4,4,3,3,4,4,93
5,5,4,5,5,4,93
5,6,4,5,5,5,93
6,6,3,4,5,4,93
5,5,4,5,4,4,247
6,6,3,5,2,2,247
5,5,5,5,5,4,247
5,6,4,5,5,5,247
5,5,3,5,5,4,247
5,5,4,5,4,4,247
6,6,5,5,5,4,247
5,6,5,5,5,5,247
5,5,4,3,4,4,247
4,4,2,4,3,3,247
6,6,4,5,3,3,247
5,5,4,5,5,5,247
6,6,2,5,4,5,247
5,5,2,5,4,4,247
6,6,5,4,5,5,247
6,6,4,5,5,5,247
6,6,4,5,4,4,247
5,5,4,4,5,5,247
5,5,3,5,4,4,247
6,6,5,5,5,5,247
5,5,4,5,5,5,247
5,5,3,5,5,3,247
5,5,4,3,5,4,247
3,3,1,3,2,2,67
5,4,4,5,5,5,67
3,4,2,3,4,3,67
5,4,2,5,4,4,67
4,2,2,5,3,1,67
2,1,2,3,2,1,67
5,5,1,3,4,4,280
5,6,4,5,5,4,280
5,4,4,5,4,4,280
4,4,1,4,2,3,280
6,6,4,6,4,4,280
5,4,4,5,4,4,280
6,6,4,5,4,5,280
4,4,4,4,4,4,280
4,4,2,4,4,2,280
5,5,3,5,4,4,280
5,5,4,5,4,5,280
5,5,3,5,4,4,280
5,5,3,5,4,4,280
5,5,3,3,4,3,280
3,3,2,4,2,2,280
5,5,5,5,5,4,280
5,5,2,5,4,3,280
5,5,5,6,2,5,280
4,4,3,3,3,2,280
5,5,4,5,5,4,280
5,4,2,3,4,4,280
5,5,3,5,4,4,280
5,4,3,4,4,4,280
4,4,4,4,5,4,280
5,5,4,5,4,4,280
4,5,3,4,4,5,280
5,4,4,3,4,4,280
4,4,4,4,5,5,280
5,5,5,5,5,5,280
5,5,3,5,4,5,280
5,4,3,5,4,4,237
4,4,1,3,3,3,237
4,4,3,4,4,4,237
6,6,5,3,5,6,237
1,1,1,6,1,1,237
5,5,3,2,4,4,237
3,3,3,3,4,2,237
5,5,4,3,5,4,237
6,6,1,4,6,5,237
5,6,5,5,5,5,237
5,5,1,4,6,1,237
5,5,4,5,5,4,237
4,4,4,4,4,4,237
5,5,1,5,3,2,237
6,6,5,6,5,5,237
5,5,2,3,5,5,237
5,5,3,4,4,4,237
4,4,3,3,3,4,237
4,5,3,4,5,4,237
4,4,2,4,3,3,237
6,6,4,5,5,5,237
5,5,3,2,5,3,177
6,6,3,3,5,4,177
5,6,4,5,4,4,177
4,4,4,3,4,3,177
5,5,4,5,5,5,177
4,4,3,5,5,5,177
5,6,5,5,6,5,177
5,5,4,4,5,4,177
5,5,4,5,4,4,177
4,4,2,4,4,3,177
6,6,6,3,6,6,177
5,5,3,5,5,5,177
5,5,4,3,5,5,177
3,3,1,4,2,1,243
4,4,3,4,3,3,243
4,4,3,3,3,3,243
3,2,2,3,2,2,243
4,4,2,4,3,2,243
4,4,2,2,2,2,243
5,5,3,5,4,4,243
2,2,1,2,1,1,243
4,4,4,3,4,4,243
4,3,5,4,3,2,243
2,2,2,3,2,1,243
3,3,4,5,2,1,243
5,4,2,3,2,2,243
5,4,2,5,4,4,243
5,4,4,5,5,5,243
4,4,1,5,3,3,243
4,4,5,2,4,4,243
5,3,4,5,4,4,243
5,5,2,2,4,4,243
5,5,2,4,4,3,243
4,4,4,3,4,4,243
5,4,3,3,2,2,243
5,5,5,6,4,5,109
5,5,2,5,4,3,109
4,3,1,3,2,1,109
5,4,5,5,5,5,109
5,5,4,5,4,4,109
5,5,4,5,5,5,109
5,5,4,5,4,4,109
5,5,5,5,5,5,109
6,6,4,5,5,4,109
4,4,2,5,3,3,81
5,3,2,4,4,1,81
2,3,2,4,1,2,81
5,5,5,4,4,4,81
5,4,1,3,2,3,81
5,4,4,3,4,4,81
5,5,2,6,5,5,81
5,5,4,5,5,5,283
6,6,4,1,4,4,283
5,5,3,5,4,3,283
5,5,3,5,5,5,283
4,4,2,2,3,3,283
5,5,5,5,5,5,283
5,5,4,5,5,5,283
4,5,1,4,3,3,283
4,4,2,3,2,3,283
6,5,3,4,5,6,283
5,5,4,3,4,4,283
5,4,5,5,4,4,283
4,4,1,3,2,4,283
5,5,4,5,4,4,283
4,4,4,4,4,4,283
4,3,2,3,4,3,283
5,5,5,2,5,5,283
4,4,3,5,4,3,283
4,4,3,4,3,3,283
4,4,2,4,3,3,283
3,3,1,4,3,3,283
5,4,2,5,2,3,283
5,5,5,5,5,5,283
6,6,4,6,5,4,283
4,4,2,5,2,4,283
5,4,3,5,4,3,283
4,4,2,2,2,3,283
3,3,4,5,4,3,283
5,5,4,4,4,5,283
5,5,4,5,5,5,283
4,4,3,4,3,3,283
5,5,5,5,5,5,238
6,6,5,6,5,4,238
5,5,3,3,5,4,238
4,4,3,4,4,4,238
5,5,4,5,5,5,238
5,5,4,5,4,4,238
4,4,2,5,1,2,238
6,6,3,5,5,5,238
5,5,4,4,4,4,238
5,6,3,5,5,3,238
5,4,4,5,4,4,238
5,5,3,4,5,4,238
5,5,4,4,5,5,238
5,5,2,5,3,4,238
5,5,4,5,5,4,238
5,5,4,4,5,5,238
4,3,1,4,2,2,238
5,5,4,5,5,4,238
5,5,5,5,5,5,238
5,5,5,4,5,5,238
5,5,4,5,5,4,238
5,5,4,3,5,5,82
3,2,2,2,3,3,82
5,4,4,6,5,4,82
5,5,4,5,4,4,82
4,4,1,4,4,1,82
2,3,1,4,2,2,82
5,5,3,5,5,4,82
4,3,3,3,4,4,192
4,4,3,4,5,5,192
4,4,4,4,6,5,192
5,5,4,5,6,5,192
5,5,5,5,5,4,192
4,3,5,5,5,4,192
5,5,2,5,6,2,192
5,5,4,5,5,4,192
6,6,4,4,5,4,192
6,6,5,5,6,6,192
3,4,5,3,6,3,192
5,5,2,5,5,4,192
5,4,4,4,5,4,192
4,1,1,6,6,2,192
4,4,4,3,6,4,192
5,5,4,4,5,5,184
5,4,4,4,4,3,184
4,4,3,4,3,3,184
5,4,4,6,4,4,184
5,5,3,1,3,3,184
5,5,4,5,4,4,184
4,3,2,3,3,4,184
2,3,4,3,2,2,184
5,4,4,3,4,5,184
5,5,3,4,4,2,184
4,4,3,4,4,4,184
5,3,3,3,4,3,184
3,3,4,3,4,3,184
5,5,4,4,5,4,184
5,4,4,5,4,4,83
5,5,2,5,5,5,83
5,5,4,5,4,4,83
4,4,2,4,4,2,83
5,4,1,3,2,2,83
5,4,1,5,3,4,83
6,6,4,5,5,5,83
5,5,3,5,5,5,94
5,5,5,5,5,5,94
4,4,4,4,4,4,94
6,6,5,6,6,6,94
5,4,2,4,4,2,94
5,5,4,5,2,2,94
5,5,5,5,5,5,94
5,6,3,5,4,4,94
4,4,1,4,3,2,185
4,4,4,3,4,3,185
5,5,5,4,5,4,185
5,5,4,5,4,4,185
4,4,3,5,3,3,185
5,5,3,4,4,4,185
3,3,3,3,3,3,185
5,5,4,4,5,4,185
6,6,3,5,4,4,185
4,5,1,4,4,4,185
4,5,1,5,3,2,185
5,4,3,4,3,3,185
4,3,4,4,3,3,185
6,6,4,6,5,4,185
5,5,4,4,4,4,133
6,6,3,5,5,5,133
5,5,4,5,5,5,133
6,6,3,5,4,4,133
6,6,5,5,5,5,133
6,6,2,5,4,4,133
5,5,2,5,4,4,133
5,4,3,4,3,4,133
6,6,3,5,5,5,133
5,5,5,5,5,4,133
4,4,4,5,4,3,156
4,4,4,4,4,4,156
5,4,5,3,4,4,156
4,4,3,4,4,3,156
6,6,3,4,4,4,156
4,4,3,4,3,3,156
5,4,4,4,4,4,156
4,4,3,4,5,3,156
4,4,2,4,5,5,156
5,5,4,5,5,5,156
4,2,1,4,4,2,156
6,6,5,6,6,6,200
4,3,2,3,2,2,200
5,5,5,2,5,5,200
4,4,2,4,6,4,200
5,5,5,5,5,5,200
5,4,4,4,5,4,200
5,5,4,5,5,4,200
4,4,5,4,5,5,200
5,6,3,3,5,5,200
6,6,4,5,5,5,200
5,5,3,4,4,5,200
4,3,3,5,4,2,200
5,5,3,4,4,4,200
5,5,4,4,5,4,200
5,5,4,5,4,4,200
2,5,2,2,6,5,200
5,6,4,3,4,4,68
1,1,3,5,5,5,68
5,5,3,5,4,4,68
5,5,4,5,5,5,68
5,5,3,5,3,5,68
5,5,5,2,4,4,68
4,4,3,4,4,4,69
6,6,4,5,6,6,69
6,5,4,5,5,5,69
5,5,5,4,5,5,69
5,3,2,4,3,3,69
5,5,5,5,5,5,69
3,2,4,2,2,2,110
6,6,4,3,5,4,110
5,5,4,5,4,2,110
6,6,5,5,5,5,110
5,5,5,5,4,5,110
5,5,5,2,4,3,110
5,6,4,3,4,3,110
4,5,3,4,4,4,110
4,4,5,4,4,4,110
4,3,2,3,3,3,111
5,5,4,4,4,4,111
5,5,4,5,5,5,111
4,4,4,4,4,4,111
5,4,4,3,4,5,111
5,5,4,5,4,4,111
5,4,3,4,4,4,111
5,5,2,4,2,2,111
4,4,3,4,5,5,111
5,4,4,4,4,4,178
4,4,4,3,4,4,178
5,5,4,6,5,5,178
4,3,3,4,3,3,178
5,5,3,4,4,4,178
5,5,4,5,4,4,178
5,5,3,4,4,4,178
5,5,3,3,2,3,178
4,4,4,4,3,2,178
5,5,5,3,5,4,178
5,5,3,5,5,5,178
5,5,4,4,4,5,178
4,4,4,4,4,4,178
5,5,4,5,5,3,170
6,6,5,5,5,5,170
5,5,4,6,5,5,170
6,6,5,6,5,5,170
5,4,5,6,6,4,170
6,6,4,5,5,5,170
5,4,4,5,4,3,170
5,5,5,4,4,4,170
6,6,5,5,5,5,170
5,4,4,6,5,4,170
5,5,5,5,4,5,170
5,4,4,4,4,4,170
6,6,5,5,5,5,216
6,6,4,6,5,4,216
5,5,5,5,4,4,216
5,5,4,5,4,4,216
6,6,6,5,5,5,216
5,5,2,5,4,4,216
6,6,5,6,5,5,216
6,6,5,5,5,4,216
6,5,4,5,4,4,216
5,5,3,3,3,3,216
5,5,4,5,5,5,216
6,5,2,5,4,4,216
5,5,4,4,5,5,216
5,5,3,5,4,4,216
6,5,5,6,5,5,216
5,4,4,5,4,4,216
6,5,5,6,5,5,216
6,5,4,6,5,5,216
5,4,4,5,4,2,134
5,4,3,5,5,4,134
6,6,5,3,5,5,134
5,4,4,5,3,2,134
4,2,2,2,4,2,134
5,5,4,5,5,5,134
4,4,4,4,5,5,134
5,5,5,6,5,5,134
4,5,4,3,4,4,134
5,5,4,6,5,5,134
5,5,4,3,5,5,52
5,5,4,5,4,4,52
5,5,4,5,5,4,52
5,5,2,3,3,3,52
5,4,2,4,4,4,52
5,4,2,3,3,4,95
5,5,4,5,4,4,95
5,5,5,4,5,5,95
6,6,5,5,5,5,95
4,4,3,3,3,3,95
5,5,3,4,5,5,95
5,5,4,5,4,4,95
5,5,4,4,4,4,95
6,5,5,4,4,4,53
5,5,5,5,5,5,53
6,5,5,6,5,5,53
5,4,2,5,2,1,53
4,4,2,4,2,2,53
4,4,4,3,4,4,70
6,6,5,4,5,5,70
5,5,4,5,4,4,70
6,6,4,3,5,5,70
5,4,4,5,4,4,70
6,5,4,5,5,4,70
1,1,4,6,2,3,157
5,6,4,4,4,3,157
5,5,4,5,4,4,157
5,4,5,5,4,4,157
5,6,4,3,4,4,157
4,3,4,4,4,4,157
4,4,3,4,5,4,157
4,4,4,3,4,4,157
3,4,4,4,5,4,157
4,4,4,4,4,4,157
3,5,3,4,3,3,157
6,6,5,6,5,5,186
5,5,4,6,4,4,186
5,5,3,5,5,4,186
5,5,4,5,5,5,186
5,5,2,5,5,4,186
4,5,3,4,4,4,186
5,5,4,5,5,4,186
4,4,4,4,3,3,186
5,5,4,5,4,4,186
6,6,5,6,5,6,186
5,5,4,5,5,4,186
5,5,2,5,5,5,186
5,5,4,4,5,5,186
5,5,4,5,5,4,186
4,5,2,4,4,4,179
6,6,4,6,5,4,179
5,4,3,4,3,3,179
4,4,3,5,4,4,179
5,5,1,4,3,3,179
5,4,4,5,4,5,179
3,3,3,4,3,3,179
5,5,3,5,4,4,179
5,4,3,5,5,4,179
4,4,4,5,4,4,179
5,5,4,4,4,3,179
6,5,4,4,4,3,179
5,3,3,4,4,4,179
5,5,5,5,4,4,135
5,5,4,5,5,5,135
5,5,4,5,4,4,135
4,4,3,4,4,3,135
5,5,5,4,5,5,135
5,5,4,5,4,4,135
5,5,4,5,3,3,135
6,6,3,5,5,4,135
5,5,2,4,5,5,135
6,5,4,6,5,5,135
5,5,3,4,4,4,84
5,4,4,5,4,4,84
4,4,3,4,3,3,84
6,6,6,5,6,6,84
4,5,4,4,4,3,84
3,4,2,5,3,3,84
5,5,4,5,3,4,84
6,5,3,5,5,2,112
6,6,4,4,4,4,112
5,5,5,5,5,5,112
5,5,3,5,4,2,112
6,6,3,5,6,4,112
6,6,5,5,5,5,112
5,5,4,5,3,3,112
6,6,4,5,5,5,112
6,6,4,3,4,5,112
6,4,3,6,3,3,217
5,4,2,4,4,4,217
5,4,2,5,4,3,217
5,4,3,3,3,3,217
3,3,2,4,3,3,217
5,5,5,4,4,5,217
5,4,2,3,4,3,217
4,4,1,5,2,2,217
4,3,1,4,2,2,217
4,4,2,4,3,4,217
5,5,5,5,5,5,217
4,4,2,4,2,2,217
5,4,3,5,6,6,217
5,4,2,5,4,3,217
2,1,1,2,1,1,217
4,4,2,5,4,3,217
6,6,5,6,6,5,217
4,4,5,5,5,5,217
5,5,5,6,5,5,71
5,4,4,3,4,4,71
5,4,4,5,4,4,71
5,5,4,5,6,6,71
3,3,2,2,2,2,71
2,2,4,2,3,2,71
2,1,3,2,4,3,256
2,2,3,3,3,2,256
4,4,3,4,3,3,256
5,5,5,5,5,5,256
5,4,3,3,4,4,256
4,4,2,5,4,2,256
4,4,3,4,5,4,256
4,4,4,4,4,4,256
4,5,4,4,5,5,256
1,1,4,1,2,4,256
5,5,3,3,4,5,256
4,4,2,4,4,3,256
5,4,3,5,4,2,256
5,5,3,5,4,4,256
6,6,2,6,4,4,256
4,4,1,4,2,2,256
2,1,1,5,2,1,256
4,4,4,4,4,4,256
5,5,4,5,5,5,256
5,5,4,4,5,4,256
2,2,2,3,2,2,256
4,4,4,6,4,3,256
5,5,5,4,5,5,256
3,3,2,3,4,4,256
4,4,3,4,4,4,256
5,5,4,5,5,4,187
5,5,5,4,5,5,187
5,5,4,3,5,4,187
5,5,4,4,4,3,187
4,4,4,5,4,4,187
6,6,2,6,5,4,187
5,5,3,4,3,3,187
5,4,4,5,5,4,187
4,4,4,5,4,4,187
5,4,4,5,5,5,187
6,6,4,4,5,5,187
6,6,5,5,5,5,187
5,5,5,4,5,5,187
2,2,5,3,5,5,187
5,5,4,3,5,5,272
5,4,4,4,5,4,272
4,4,3,3,3,5,272
5,5,4,4,4,4,272
5,5,3,5,5,5,272
5,4,5,5,4,2,272
5,4,3,4,3,3,272
4,3,2,2,2,2,272
5,5,5,5,5,5,272
4,4,2,2,2,1,272
5,5,3,4,4,4,272
4,3,2,5,6,3,272
4,3,2,2,2,3,272
5,4,4,5,4,4,272
2,2,1,3,2,2,272
5,5,5,5,5,5,272
5,5,5,5,4,4,272
5,5,4,5,5,5,272
5,5,5,6,5,5,272
4,4,4,4,4,4,272
5,4,3,4,4,4,272
5,5,5,4,5,5,272
5,5,4,6,5,5,272
3,4,3,3,3,3,272
5,5,2,3,2,2,272
3,4,3,3,4,4,272
4,4,3,4,2,3,272
4,4,4,3,3,3,272
5,5,1,5,3,3,273
4,5,2,4,3,4,273
5,4,2,5,4,3,273
4,4,3,4,5,3,273
5,5,4,4,4,4,273
6,6,5,5,6,5,273
5,5,4,3,5,5,273
4,3,1,4,1,1,273
5,5,5,5,4,4,273
5,5,4,5,5,5,273
6,6,5,4,5,5,273
4,3,2,4,2,3,273
5,5,4,4,4,4,273
4,4,5,3,5,5,273
6,5,4,5,4,4,273
5,5,4,4,5,4,273
5,5,4,5,4,3,273
5,6,4,3,6,6,273
5,5,3,4,4,4,273
5,5,4,5,5,4,273
5,5,4,5,5,5,273
5,5,2,5,2,2,273
4,4,3,4,4,4,273
6,6,5,5,5,4,273
5,5,3,3,3,2,273
4,5,2,3,3,2,273
5,5,3,5,4,4,273
5,5,3,5,4,4,273
5,5,5,4,5,5,209
5,5,3,5,4,4,209
5,5,4,5,5,5,209
5,5,3,4,4,5,209
6,6,5,6,6,6,209
6,6,4,6,5,5,209
5,4,4,3,4,4,209
5,5,3,5,6,4,209
6,5,4,6,5,4,209
5,5,4,5,4,4,209
5,5,4,4,4,4,209
4,4,4,5,3,3,209
5,4,3,3,3,3,209
4,4,2,4,3,2,209
5,5,3,4,3,3,209
5,5,3,5,4,3,209
5,4,5,5,5,3,209
5,5,4,5,5,5,218
5,5,4,5,5,4,218
6,6,5,5,5,5,218
3,3,3,4,4,2,218
5,5,5,5,5,4,218
4,4,4,4,4,3,218
5,4,5,4,5,4,218
5,5,2,4,4,4,218
5,5,4,5,6,4,218
6,6,3,6,5,4,218
5,5,5,5,5,5,218
5,5,5,5,5,5,218
5,5,3,6,5,4,218
5,5,4,6,5,4,218
5,5,5,5,5,5,218
6,6,4,5,5,5,218
5,5,5,5,5,5,218
6,6,5,6,5,5,218
5,5,4,5,4,4,248
5,4,4,5,4,4,248
6,6,4,3,5,5,248
5,5,2,3,4,4,248
5,5,4,5,5,5,248
5,5,4,5,5,4,248
5,5,4,5,5,4,248
5,5,3,3,4,3,248
6,5,4,4,4,3,248
6,6,5,4,5,4,248
5,5,5,5,5,5,248
5,4,4,4,5,4,248
6,5,5,6,4,4,248
6,6,4,6,5,4,248
6,5,4,5,5,5,248
5,5,3,5,4,2,248
5,5,3,5,3,2,248
5,5,4,5,5,5,248
5,5,4,5,5,4,248
6,6,5,6,5,5,248
6,6,5,6,5,4,248
5,5,5,6,5,5,248
6,6,4,5,5,5,248
1,1,2,2,4,1,72
4,4,4,3,3,3,72
4,4,4,3,4,4,72
4,4,4,5,4,4,72
5,5,2,5,6,5,72
4,4,2,6,3,3,72
5,4,4,5,4,4,171
4,3,3,4,4,4,171
4,4,3,4,4,4,171
3,3,2,3,4,4,171
4,4,4,4,5,4,171
4,4,4,3,4,4,171
5,4,3,4,4,4,171
4,3,4,4,3,3,171
4,4,2,5,3,4,171
4,4,1,2,2,2,171
4,4,4,5,4,4,171
4,4,4,4,4,4,171
5,5,4,5,4,4,113
5,4,5,4,4,4,113
5,5,4,5,3,3,113
5,5,4,4,4,5,113
4,4,4,4,4,4,113
5,4,4,3,4,4,113
5,5,3,5,4,4,113
6,5,4,3,5,4,113
5,5,2,5,4,4,113
5,6,4,6,5,4,114
5,6,5,5,5,5,114
5,5,4,5,5,5,114
6,6,5,5,5,5,114
6,6,4,4,5,5,114
6,6,5,6,5,5,114
6,6,5,5,4,5,114
5,5,4,3,4,4,114
5,5,5,5,5,5,114
5,4,4,4,4,4,158
5,5,5,5,5,4,158
4,5,4,3,4,4,158
4,4,4,5,4,4,158
5,5,4,5,4,5,158
5,3,4,4,4,3,158
5,4,4,3,4,4,158
5,5,4,1,5,5,158
4,4,3,4,4,4,158
5,2,3,5,3,3,158
4,4,4,4,4,4,158
5,6,4,4,6,6,54
5,5,2,3,4,2,54
5,5,4,4,5,4,54
5,5,4,4,5,4,54
5,5,3,3,3,3,54
5,5,4,5,6,6,115
5,5,3,5,5,5,115
3,3,2,3,4,2,115
5,5,1,5,2,2,115
4,4,2,4,4,4,115
6,6,4,5,5,5,115
5,5,4,6,5,5,115
5,4,4,5,5,5,115
5,5,3,4,4,5,115
6,6,2,5,3,3,116
4,5,2,3,3,3,116
4,4,2,6,4,3,116
4,4,2,2,4,4,116
6,6,5,6,4,4,116
4,4,2,3,5,4,116
5,5,1,6,3,3,116
6,5,5,5,4,5,116
5,4,4,5,4,5,116
5,5,3,5,5,5,73
5,4,4,4,4,3,73
5,5,4,5,5,5,73
5,4,2,4,5,4,73
5,5,4,5,5,5,73
4,4,3,4,4,3,73
5,5,4,3,4,4,136
4,4,4,3,5,5,136
5,5,4,4,5,5,136
4,3,2,4,4,3,136
5,5,4,5,4,5,136
5,5,4,5,5,4,136
5,5,3,5,5,5,136
5,5,4,4,4,4,136
5,5,4,5,5,5,136
5,5,4,3,4,4,136
6,6,5,6,6,5,96
6,6,5,6,6,6,96
5,5,3,6,4,5,96
6,6,5,2,5,5,96
4,4,3,3,3,3,96
6,6,5,6,5,5,96
5,5,5,3,4,4,96
5,4,2,5,5,5,96
5,4,4,5,3,3,137
5,5,5,6,5,4,137
6,6,5,5,5,5,137
4,5,4,3,4,2,137
6,6,6,6,6,6,137
5,5,5,5,5,4,137
6,6,4,4,4,4,137
5,5,4,3,4,4,137
6,6,5,5,5,5,137
5,4,3,4,4,5,137
5,5,5,2,4,4,138
6,6,6,6,6,6,138
6,6,4,5,4,4,138
6,6,3,6,6,6,138
5,5,5,5,5,5,138
6,6,4,5,5,5,138
6,6,5,6,5,5,138
6,6,4,6,4,5,138
5,5,3,4,4,4,138
6,6,5,6,5,5,138
5,4,3,4,3,4,139
4,4,4,4,2,2,139
5,4,2,4,3,4,139
5,4,2,4,4,4,139
5,5,4,5,4,5,139
5,5,3,4,4,4,139
5,5,3,2,3,4,139
5,6,4,5,5,5,139
5,5,5,5,5,4,139
5,5,4,4,5,5,139
5,5,2,5,5,4,140
5,5,3,4,4,4,140
5,5,4,3,4,4,140
5,5,4,5,5,4,140
5,5,4,5,5,5,140
5,5,5,5,5,5,140
5,5,3,4,4,3,140
4,4,3,4,5,4,140
4,4,2,3,2,2,140
5,5,3,5,4,4,140
5,5,4,4,5,4,74
5,5,4,5,4,3,74
6,6,3,5,4,4,74
6,5,3,5,3,3,74
5,5,5,5,5,5,74
5,5,4,3,5,4,74
